WBGeneID,altHyp,intestine_expression
WBGene00021408,greater,enriched
WBGene00021404,greater,enriched
WBGene00021397,greater,enriched
WBGene00019298,greater,enriched
WBGene00001099,greater,enriched
WBGene00017578,greater,enriched
WBGene00017574,greater,enriched
WBGene00022047,greater,enriched
WBGene00002041,greater,enriched
WBGene00044457,greater,enriched
WBGene00004427,greater,enriched
WBGene00044723,greater,enriched
WBGene00019659,greater,enriched
WBGene00019660,greater,enriched
WBGene00018931,greater,enriched
WBGene00044757,greater,enriched
WBGene00019068,greater,enriched
WBGene00016797,greater,enriched
WBGene00021123,greater,enriched
WBGene00009522,greater,enriched
WBGene00009523,greater,enriched
WBGene00009515,greater,enriched
WBGene00022307,greater,enriched
WBGene00016425,greater,enriched
WBGene00016424,greater,enriched
WBGene00021519,greater,enriched
WBGene00003682,greater,enriched
WBGene00016027,greater,enriched
WBGene00022076,greater,enriched
WBGene00022382,greater,enriched
WBGene00045397,greater,enriched
WBGene00021875,greater,enriched
WBGene00044488,greater,enriched
WBGene00021873,greater,enriched
WBGene00021879,greater,enriched
WBGene00021895,greater,enriched
WBGene00021872,greater,enriched
WBGene00015038,greater,enriched
WBGene00019546,greater,enriched
WBGene00000009,greater,enriched
WBGene00018146,greater,enriched
WBGene00018971,greater,enriched
WBGene00021582,greater,enriched
WBGene00021580,greater,enriched
WBGene00021583,greater,enriched
WBGene00021585,greater,enriched
WBGene00271795,greater,enriched
WBGene00006951,greater,enriched
WBGene00018645,greater,enriched
WBGene00018646,greater,enriched
WBGene00019931,greater,enriched
WBGene00219216,greater,enriched
WBGene00017934,greater,enriched
WBGene00017487,greater,enriched
WBGene00020972,greater,enriched
WBGene00019719,greater,enriched
WBGene00271788,greater,enriched
WBGene00019720,greater,enriched
WBGene00019717,greater,enriched
WBGene00022680,greater,enriched
WBGene00022683,greater,enriched
WBGene00022682,greater,enriched
WBGene00044481,greater,enriched
WBGene00017901,greater,enriched
WBGene00017591,greater,enriched
WBGene00003694,greater,enriched
WBGene00019166,greater,enriched
WBGene00021178,greater,enriched
WBGene00016542,greater,enriched
WBGene00016664,greater,enriched
WBGene00015680,greater,enriched
WBGene00016721,greater,enriched
WBGene00019205,greater,enriched
WBGene00019515,greater,enriched
WBGene00019516,greater,enriched
WBGene00016762,greater,enriched
WBGene00016760,greater,enriched
WBGene00016759,greater,enriched
WBGene00016763,greater,enriched
WBGene00016758,greater,enriched
WBGene00016757,greater,enriched
WBGene00016756,greater,enriched
WBGene00019058,greater,enriched
WBGene00019057,greater,enriched
WBGene00044306,greater,enriched
WBGene00019060,greater,enriched
WBGene00000005,greater,enriched
WBGene00020468,greater,enriched
WBGene00006416,greater,enriched
WBGene00022245,greater,enriched
WBGene00022246,greater,enriched
WBGene00022252,greater,enriched
WBGene00004169,greater,enriched
WBGene00006621,greater,enriched
WBGene00016613,greater,enriched
WBGene00002274,greater,enriched
WBGene00017480,greater,enriched
WBGene00015284,greater,enriched
WBGene00015279,greater,enriched
WBGene00015280,greater,enriched
WBGene00015930,greater,enriched
WBGene00015931,greater,enriched
WBGene00015933,greater,enriched
WBGene00019215,greater,enriched
WBGene00019213,greater,enriched
WBGene00020688,greater,enriched
WBGene00004473,greater,enriched
WBGene00016595,greater,enriched
WBGene00016594,greater,enriched
WBGene00015535,greater,enriched
WBGene00015532,greater,enriched
WBGene00015537,greater,enriched
WBGene00018346,greater,enriched
WBGene00004477,greater,enriched
WBGene00018350,greater,enriched
WBGene00021495,greater,enriched
WBGene00021497,greater,enriched
WBGene00020446,greater,enriched
WBGene00017418,greater,enriched
WBGene00003914,greater,enriched
WBGene00000996,greater,enriched
WBGene00002173,greater,enriched
WBGene00003607,greater,enriched
WBGene00016848,greater,enriched
WBGene00016379,greater,enriched
WBGene00016957,greater,enriched
WBGene00016958,greater,enriched
WBGene00004979,greater,enriched
WBGene00015050,greater,enriched
WBGene00044509,greater,enriched
WBGene00017071,greater,enriched
WBGene00020139,greater,enriched
WBGene00015650,greater,enriched
WBGene00002043,greater,enriched
WBGene00018334,greater,enriched
WBGene00018333,greater,enriched
WBGene00016768,greater,enriched
WBGene00016769,greater,enriched
WBGene00009008,greater,enriched
WBGene00008969,greater,enriched
WBGene00012122,greater,enriched
WBGene00008273,greater,enriched
WBGene00000266,greater,enriched
WBGene00044241,greater,enriched
WBGene00003610,greater,enriched
WBGene00006438,greater,enriched
WBGene00003958,greater,enriched
WBGene00003957,greater,enriched
WBGene00011856,greater,enriched
WBGene00007507,greater,enriched
WBGene00007508,greater,enriched
WBGene00007511,greater,enriched
WBGene00010150,greater,enriched
WBGene00007885,greater,enriched
WBGene00007890,greater,enriched
WBGene00005003,greater,enriched
WBGene00044107,greater,enriched
WBGene00010274,greater,enriched
WBGene00010277,greater,enriched
WBGene00000509,greater,enriched
WBGene00001395,greater,enriched
WBGene00010637,greater,enriched
WBGene00009686,greater,enriched
WBGene00001487,greater,enriched
WBGene00011423,greater,enriched
WBGene00000858,greater,enriched
WBGene00001752,greater,enriched
WBGene00008509,greater,enriched
WBGene00001157,greater,enriched
WBGene00008506,greater,enriched
WBGene00012782,greater,enriched
WBGene00011222,greater,enriched
WBGene00008730,greater,enriched
WBGene00008731,greater,enriched
WBGene00008490,greater,enriched
WBGene00008485,greater,enriched
WBGene00008486,greater,enriched
WBGene00011180,greater,enriched
WBGene00011181,greater,enriched
WBGene00011182,greater,enriched
WBGene00001476,greater,enriched
WBGene00001477,greater,enriched
WBGene00011291,greater,enriched
WBGene00012013,greater,enriched
WBGene00044990,greater,enriched
WBGene00007384,greater,enriched
WBGene00014669,greater,enriched
WBGene00044797,greater,enriched
WBGene00014001,greater,enriched
WBGene00012794,greater,enriched
WBGene00008773,greater,enriched
WBGene00044784,greater,enriched
WBGene00000109,greater,enriched
WBGene00006490,greater,enriched
WBGene00011122,greater,enriched
WBGene00004199,greater,enriched
WBGene00011128,greater,enriched
WBGene00011130,greater,enriched
WBGene00007808,greater,enriched
WBGene00007336,greater,enriched
WBGene00001795,greater,enriched
WBGene00010047,greater,enriched
WBGene00001922,greater,enriched
WBGene00001932,greater,enriched
WBGene00001940,greater,enriched
WBGene00007513,greater,enriched
WBGene00006678,greater,enriched
WBGene00003093,greater,enriched
WBGene00010234,greater,enriched
WBGene00004192,greater,enriched
WBGene00001398,greater,enriched
WBGene00011738,greater,enriched
WBGene00016585,greater,enriched
WBGene00019579,greater,enriched
WBGene00004492,greater,enriched
WBGene00008583,greater,enriched
WBGene00009957,greater,enriched
WBGene00000841,greater,enriched
WBGene00003995,greater,enriched
WBGene00007779,greater,enriched
WBGene00206520,greater,enriched
WBGene00004030,greater,enriched
WBGene00014137,greater,enriched
WBGene00014132,greater,enriched
WBGene00014136,greater,enriched
WBGene00014135,greater,enriched
WBGene00010660,greater,enriched
WBGene00010655,greater,enriched
WBGene00185092,greater,enriched
WBGene00010657,greater,enriched
WBGene00010658,greater,enriched
WBGene00010659,greater,enriched
WBGene00007867,greater,enriched
WBGene00010127,greater,enriched
WBGene00010128,greater,enriched
WBGene00010125,greater,enriched
WBGene00010123,greater,enriched
WBGene00010124,greater,enriched
WBGene00010745,greater,enriched
WBGene00010746,greater,enriched
WBGene00010747,greater,enriched
WBGene00010750,greater,enriched
WBGene00009895,greater,enriched
WBGene00008178,greater,enriched
WBGene00001394,greater,enriched
WBGene00044280,greater,enriched
WBGene00013379,greater,enriched
WBGene00007460,greater,enriched
WBGene00007453,greater,enriched
WBGene00007455,greater,enriched
WBGene00007456,greater,enriched
WBGene00012536,greater,enriched
WBGene00012538,greater,enriched
WBGene00010083,greater,enriched
WBGene00010086,greater,enriched
WBGene00010793,greater,enriched
WBGene00013295,greater,enriched
WBGene00007058,greater,enriched
WBGene00001330,greater,enriched
WBGene00013643,greater,enriched
WBGene00013646,greater,enriched
WBGene00001604,greater,enriched
WBGene00013104,greater,enriched
WBGene00013119,greater,enriched
WBGene00013118,greater,enriched
WBGene00016877,greater,enriched
WBGene00000711,greater,enriched
WBGene00013996,greater,enriched
WBGene00014000,greater,enriched
WBGene00012134,greater,enriched
WBGene00008194,greater,enriched
WBGene00008200,greater,enriched
WBGene00008199,greater,enriched
WBGene00004061,greater,enriched
WBGene00007358,greater,enriched
WBGene00008706,greater,enriched
WBGene00008352,greater,enriched
WBGene00019183,greater,enriched
WBGene00003670,greater,enriched
WBGene00019182,greater,enriched
WBGene00016219,greater,enriched
WBGene00016218,greater,enriched
WBGene00016217,greater,enriched
WBGene00000081,greater,enriched
WBGene00002269,greater,enriched
WBGene00000882,greater,enriched
WBGene00019329,greater,enriched
WBGene00020760,greater,enriched
WBGene00020455,greater,enriched
WBGene00020456,greater,enriched
WBGene00020449,greater,enriched
WBGene00021339,greater,enriched
WBGene00021340,greater,enriched
WBGene00022497,greater,enriched
WBGene00003978,greater,enriched
WBGene00022485,greater,enriched
WBGene00013839,greater,enriched
WBGene00013838,greater,enriched
WBGene00013836,greater,enriched
WBGene00022329,greater,enriched
WBGene00022330,greater,enriched
WBGene00022331,greater,enriched
WBGene00022327,greater,enriched
WBGene00022326,greater,enriched
WBGene00022338,greater,enriched
WBGene00022346,greater,enriched
WBGene00022337,greater,enriched
WBGene00044761,greater,enriched
WBGene00022353,greater,enriched
WBGene00002025,greater,enriched
WBGene00021252,greater,enriched
WBGene00021253,greater,enriched
WBGene00021260,greater,enriched
WBGene00004491,greater,enriched
WBGene00021702,greater,enriched
WBGene00021860,greater,enriched
WBGene00021862,greater,enriched
WBGene00044403,greater,enriched
WBGene00021020,greater,enriched
WBGene00003711,greater,enriched
WBGene00021852,greater,enriched
WBGene00022196,greater,enriched
WBGene00003941,greater,enriched
WBGene00022178,greater,enriched
WBGene00022179,greater,enriched
WBGene00022181,greater,enriched
WBGene00019261,greater,enriched
WBGene00006725,greater,enriched
WBGene00021820,greater,enriched
WBGene00021817,greater,enriched
WBGene00021814,greater,enriched
WBGene00001559,greater,enriched
WBGene00007928,greater,enriched
WBGene00010811,greater,enriched
WBGene00044166,greater,enriched
WBGene00003605,greater,enriched
WBGene00008117,greater,enriched
WBGene00008091,greater,enriched
WBGene00007963,greater,enriched
WBGene00007964,greater,enriched
WBGene00014697,greater,enriched
WBGene00004414,greater,enriched
WBGene00011215,greater,enriched
WBGene00002038,greater,enriched
WBGene00007630,greater,enriched
WBGene00009649,greater,enriched
WBGene00007131,greater,enriched
WBGene00003577,greater,enriched
WBGene00010904,greater,enriched
WBGene00008654,greater,enriched
WBGene00011407,greater,enriched
WBGene00004469,greater,enriched
WBGene00016450,greater,enriched
WBGene00017826,greater,enriched
WBGene00004400,greater,enriched
WBGene00016677,greater,enriched
WBGene00000107,greater,enriched
WBGene00006946,greater,enriched
WBGene00000973,greater,enriched
WBGene00017027,greater,enriched
WBGene00017302,greater,enriched
WBGene00015469,greater,enriched
WBGene00000239,greater,enriched
WBGene00271715,greater,enriched
WBGene00015085,greater,enriched
WBGene00015081,greater,enriched
WBGene00017163,greater,enriched
WBGene00017776,greater,enriched
WBGene00017777,greater,enriched
WBGene00015479,greater,enriched
WBGene00021535,greater,enriched
WBGene00021531,greater,enriched
WBGene00018342,greater,enriched
WBGene00018343,greater,enriched
WBGene00020443,greater,enriched
WBGene00018562,greater,enriched
WBGene00002891,greater,enriched
WBGene00004482,greater,enriched
WBGene00003214,greater,enriched
WBGene00021503,greater,enriched
WBGene00017905,greater,enriched
WBGene00005712,greater,enriched
WBGene00006971,greater,enriched
WBGene00004857,greater,enriched
WBGene00018997,greater,enriched
WBGene00022736,greater,enriched
WBGene00003845,greater,enriched
WBGene00015100,greater,enriched
WBGene00015107,greater,enriched
WBGene00004483,greater,enriched
WBGene00018951,greater,enriched
WBGene00017272,greater,enriched
WBGene00000118,greater,enriched
WBGene00022102,greater,enriched
WBGene00003956,greater,enriched
WBGene00000041,greater,enriched
WBGene00019682,greater,enriched
WBGene00006628,greater,enriched
WBGene00006627,greater,enriched
WBGene00017322,greater,enriched
WBGene00018370,greater,enriched
WBGene00043097,greater,enriched
WBGene00017698,greater,enriched
WBGene00015125,greater,enriched
WBGene00004201,greater,enriched
WBGene00011147,greater,enriched
WBGene00010307,greater,enriched
WBGene00010308,greater,enriched
WBGene00010315,greater,enriched
WBGene00001749,greater,enriched
WBGene00010795,greater,enriched
WBGene00008044,greater,enriched
WBGene00000799,greater,enriched
WBGene00007185,greater,enriched
WBGene00008167,greater,enriched
WBGene00003572,greater,enriched
WBGene00001155,greater,enriched
WBGene00043995,greater,enriched
WBGene00009595,greater,enriched
WBGene00010545,greater,enriched
WBGene00010540,greater,enriched
WBGene00007322,greater,enriched
WBGene00011803,greater,enriched
WBGene00011809,greater,enriched
WBGene00269433,greater,enriched
WBGene00014233,greater,enriched
WBGene00011870,greater,enriched
WBGene00008019,greater,enriched
WBGene00001993,greater,enriched
WBGene00012860,greater,enriched
WBGene00010772,greater,enriched
WBGene00012970,greater,enriched
WBGene00012930,greater,enriched
WBGene00012127,greater,enriched
WBGene00006533,greater,enriched
WBGene00013439,greater,enriched
WBGene00013426,greater,enriched
WBGene00007680,greater,enriched
WBGene00013227,greater,enriched
WBGene00013540,greater,enriched
WBGene00013541,greater,enriched
WBGene00013559,greater,enriched
WBGene00013560,greater,enriched
WBGene00006986,greater,enriched
WBGene00004027,greater,enriched
WBGene00012554,greater,enriched
WBGene00006728,greater,enriched
WBGene00014181,greater,enriched
WBGene00008810,greater,enriched
WBGene00000267,greater,enriched
WBGene00001630,greater,enriched
WBGene00009952,greater,enriched
WBGene00011399,greater,enriched
WBGene00008719,greater,enriched
WBGene00013575,greater,enriched
WBGene00000067,greater,enriched
WBGene00011733,greater,enriched
WBGene00000179,greater,enriched
WBGene00004796,greater,enriched
WBGene00012306,greater,enriched
WBGene00010665,greater,enriched
WBGene00020082,greater,enriched
WBGene00022861,greater,enriched
WBGene00018683,greater,enriched
WBGene00015139,greater,enriched
WBGene00015141,greater,enriched
WBGene00019014,greater,enriched
WBGene00194687,greater,enriched
WBGene00002056,greater,enriched
WBGene00020574,greater,enriched
WBGene00021185,greater,enriched
WBGene00017781,greater,enriched
WBGene00002058,greater,enriched
WBGene00018984,greater,enriched
WBGene00018779,greater,enriched
WBGene00018860,greater,enriched
WBGene00015476,greater,enriched
WBGene00015471,greater,enriched
WBGene00020128,greater,enriched
WBGene00016874,greater,enriched
WBGene00003965,greater,enriched
WBGene00017667,greater,enriched
WBGene00018939,greater,enriched
WBGene00019435,greater,enriched
WBGene00019146,greater,enriched
WBGene00017226,greater,enriched
WBGene00022413,greater,enriched
WBGene00022412,greater,enriched
WBGene00020765,greater,enriched
WBGene00020509,greater,enriched
WBGene00004423,greater,enriched
WBGene00020135,greater,enriched
WBGene00018715,greater,enriched
WBGene00018718,greater,enriched
WBGene00206381,greater,enriched
WBGene00020158,greater,enriched
WBGene00022200,greater,enriched
WBGene00019738,greater,enriched
WBGene00019736,greater,enriched
WBGene00019612,greater,enriched
WBGene00015791,greater,enriched
WBGene00015793,greater,enriched
WBGene00002217,greater,enriched
WBGene00017892,greater,enriched
WBGene00018237,greater,enriched
WBGene00006535,greater,enriched
WBGene00019550,greater,enriched
WBGene00017380,greater,enriched
WBGene00015713,greater,enriched
WBGene00015956,greater,enriched
WBGene00006454,greater,enriched
WBGene00001441,greater,enriched
WBGene00022515,greater,enriched
WBGene00015823,greater,enriched
WBGene00019830,greater,enriched
WBGene00017306,greater,enriched
WBGene00006921,greater,enriched
WBGene00018602,greater,enriched
WBGene00016866,greater,enriched
WBGene00016865,greater,enriched
WBGene00016870,greater,enriched
WBGene00003907,greater,enriched
WBGene00017470,greater,enriched
WBGene00023460,greater,enriched
WBGene00000136,greater,enriched
WBGene00003635,greater,enriched
WBGene00019345,greater,enriched
WBGene00002044,greater,enriched
WBGene00018877,greater,enriched
WBGene00018375,greater,enriched
WBGene00019957,greater,enriched
WBGene00019404,greater,enriched
WBGene00022616,greater,enriched
WBGene00045365,greater,enriched
WBGene00016068,greater,enriched
WBGene00006861,greater,enriched
WBGene00016599,greater,enriched
WBGene00021322,greater,enriched
WBGene00021325,greater,enriched
WBGene00021321,greater,enriched
WBGene00016134,greater,enriched
WBGene00018036,greater,enriched
WBGene00018035,greater,enriched
WBGene00015388,greater,enriched
WBGene00015389,greater,enriched
WBGene00017108,greater,enriched
WBGene00017427,greater,enriched
WBGene00021060,greater,enriched
WBGene00015623,greater,enriched
WBGene00002146,greater,enriched
WBGene00004193,greater,enriched
WBGene00015798,greater,enriched
WBGene00003846,greater,enriched
WBGene00077690,greater,enriched
WBGene00021048,greater,enriched
WBGene00015381,greater,enriched
WBGene00015376,greater,enriched
WBGene00015382,greater,enriched
WBGene00019617,greater,enriched
WBGene00003877,greater,enriched
WBGene00015783,greater,enriched
WBGene00017687,greater,enriched
WBGene00017691,greater,enriched
WBGene00020504,greater,enriched
WBGene00020887,greater,enriched
WBGene00044574,greater,enriched
WBGene00000786,greater,enriched
WBGene00003727,greater,enriched
WBGene00018174,greater,enriched
WBGene00019844,greater,enriched
WBGene00019225,greater,enriched
WBGene00000216,greater,enriched
WBGene00019749,greater,enriched
WBGene00000991,greater,enriched
WBGene00018279,greater,enriched
WBGene00018280,greater,enriched
WBGene00017445,greater,enriched
WBGene00017449,greater,enriched
WBGene00017447,greater,enriched
WBGene00017448,greater,enriched
WBGene00015167,greater,enriched
WBGene00002163,greater,enriched
WBGene00016912,greater,enriched
WBGene00000116,greater,enriched
WBGene00018522,greater,enriched
WBGene00019351,greater,enriched
WBGene00004988,greater,enriched
WBGene00004990,greater,enriched
WBGene00206485,greater,enriched
WBGene00050957,greater,enriched
WBGene00015664,greater,enriched
WBGene00015663,greater,enriched
WBGene00015295,greater,enriched
WBGene00019803,greater,enriched
WBGene00017244,greater,enriched
WBGene00004999,greater,enriched
WBGene00019846,greater,enriched
WBGene00043983,greater,enriched
WBGene00018465,greater,enriched
WBGene00015949,greater,enriched
WBGene00015947,greater,enriched
WBGene00019492,greater,enriched
WBGene00006890,greater,enriched
WBGene00019493,greater,enriched
WBGene00000391,greater,enriched
WBGene00019779,greater,enriched
WBGene00002234,greater,enriched
WBGene00019782,greater,enriched
WBGene00019986,greater,enriched
WBGene00018885,greater,enriched
WBGene00018886,greater,enriched
WBGene00017257,greater,enriched
WBGene00003613,greater,enriched
WBGene00020137,greater,enriched
WBGene00017048,greater,enriched
WBGene00017569,greater,enriched
WBGene00019572,greater,enriched
WBGene00018725,greater,enriched
WBGene00018724,greater,enriched
WBGene00018729,greater,enriched
WBGene00019730,greater,enriched
WBGene00019869,greater,enriched
WBGene00002057,greater,enriched
WBGene00016190,greater,enriched
WBGene00006718,greater,enriched
WBGene00219376,greater,enriched
WBGene00017012,greater,enriched
WBGene00016034,greater,enriched
WBGene00020788,greater,enriched
WBGene00044743,greater,enriched
WBGene00017582,greater,enriched
WBGene00004033,greater,enriched
WBGene00007130,greater,enriched
WBGene00007410,greater,enriched
WBGene00007409,greater,enriched
WBGene00009886,greater,enriched
WBGene00002067,greater,enriched
WBGene00011076,greater,enriched
WBGene00001784,greater,enriched
WBGene00011083,greater,enriched
WBGene00003410,greater,enriched
WBGene00009023,greater,enriched
WBGene00007650,greater,enriched
WBGene00008954,greater,enriched
WBGene00012162,greater,enriched
WBGene00013870,greater,enriched
WBGene00012326,greater,enriched
WBGene00008602,greater,enriched
WBGene00007593,greater,enriched
WBGene00011105,greater,enriched
WBGene00011102,greater,enriched
WBGene00011108,greater,enriched
WBGene00001252,greater,enriched
WBGene00164973,greater,enriched
WBGene00001250,greater,enriched
WBGene00007894,greater,enriched
WBGene00010341,greater,enriched
WBGene00010342,greater,enriched
WBGene00010902,greater,enriched
WBGene00011073,greater,enriched
WBGene00011074,greater,enriched
WBGene00003999,greater,enriched
WBGene00004002,greater,enriched
WBGene00004000,greater,enriched
WBGene00011902,greater,enriched
WBGene00164971,greater,enriched
WBGene00164972,greater,enriched
WBGene00011903,greater,enriched
WBGene00009818,greater,enriched
WBGene00003943,greater,enriched
WBGene00003757,greater,enriched
WBGene00010334,greater,enriched
WBGene00000522,greater,enriched
WBGene00007482,greater,enriched
WBGene00007327,greater,enriched
WBGene00007945,greater,enriched
WBGene00007942,greater,enriched
WBGene00013976,greater,enriched
WBGene00004197,greater,enriched
WBGene00012018,greater,enriched
WBGene00009259,greater,enriched
WBGene00001790,greater,enriched
WBGene00008368,greater,enriched
WBGene00007937,greater,enriched
WBGene00006965,greater,enriched
WBGene00010068,greater,enriched
WBGene00013399,greater,enriched
WBGene00045252,greater,enriched
WBGene00004859,greater,enriched
WBGene00012295,greater,enriched
WBGene00011361,greater,enriched
WBGene00010924,greater,enriched
WBGene00044144,greater,enriched
WBGene00010925,greater,enriched
WBGene00007691,greater,enriched
WBGene00007695,greater,enriched
WBGene00007692,greater,enriched
WBGene00008451,greater,enriched
WBGene00009635,greater,enriched
WBGene00009636,greater,enriched
WBGene00011824,greater,enriched
WBGene00011823,greater,enriched
WBGene00011821,greater,enriched
WBGene00011153,greater,enriched
WBGene00009057,greater,enriched
WBGene00011938,greater,enriched
WBGene00001560,greater,enriched
WBGene00011772,greater,enriched
WBGene00001149,greater,enriched
WBGene00004089,greater,enriched
WBGene00195213,greater,enriched
WBGene00008692,greater,enriched
WBGene00010522,greater,enriched
WBGene00010998,greater,enriched
WBGene00009796,greater,enriched
WBGene00009798,greater,enriched
WBGene00004238,greater,enriched
WBGene00003511,greater,enriched
WBGene00008213,greater,enriched
WBGene00008515,greater,enriched
WBGene00008519,greater,enriched
WBGene00007810,greater,enriched
WBGene00007811,greater,enriched
WBGene00001465,greater,enriched
WBGene00006610,greater,enriched
WBGene00000282,greater,enriched
WBGene00010031,greater,enriched
WBGene00010774,greater,enriched
WBGene00010117,greater,enriched
WBGene00006372,greater,enriched
WBGene00009852,greater,enriched
WBGene00007904,greater,enriched
WBGene00000103,greater,enriched
WBGene00010605,greater,enriched
WBGene00008462,greater,enriched
WBGene00004191,greater,enriched
WBGene00010571,greater,enriched
WBGene00008354,greater,enriched
WBGene00011984,greater,enriched
WBGene00007347,greater,enriched
WBGene00012445,greater,enriched
WBGene00009628,greater,enriched
WBGene00009629,greater,enriched
WBGene00000221,greater,enriched
WBGene00007772,greater,enriched
WBGene00013497,greater,enriched
WBGene00044141,greater,enriched
WBGene00001468,greater,enriched
WBGene00008607,greater,enriched
WBGene00011684,greater,enriched
WBGene00010357,greater,enriched
WBGene00009560,greater,enriched
WBGene00010983,greater,enriched
WBGene00010397,greater,enriched
WBGene00012407,greater,enriched
WBGene00012408,greater,enriched
WBGene00010336,greater,enriched
WBGene00003409,greater,enriched
WBGene00007175,greater,enriched
WBGene00007819,greater,enriched
WBGene00008621,greater,enriched
WBGene00004789,greater,enriched
WBGene00003624,greater,enriched
WBGene00019519,greater,enriched
WBGene00018374,greater,enriched
WBGene00017727,greater,enriched
WBGene00017726,greater,enriched
WBGene00020725,greater,enriched
WBGene00020366,greater,enriched
WBGene00021500,greater,enriched
WBGene00044770,greater,enriched
WBGene00016900,greater,enriched
WBGene00017340,greater,enriched
WBGene00271701,greater,enriched
WBGene00006602,greater,enriched
WBGene00002272,greater,enriched
WBGene00017625,greater,enriched
WBGene00001814,greater,enriched
WBGene00022389,greater,enriched
WBGene00019674,greater,enriched
WBGene00045052,greater,enriched
WBGene00045053,greater,enriched
WBGene00019673,greater,enriched
WBGene00022270,greater,enriched
WBGene00006461,greater,enriched
WBGene00021768,greater,enriched
WBGene00004409,greater,enriched
WBGene00021350,greater,enriched
WBGene00017398,greater,enriched
WBGene00017734,greater,enriched
WBGene00017979,greater,enriched
WBGene00000788,greater,enriched
WBGene00022130,greater,enriched
WBGene00022125,greater,enriched
WBGene00020989,greater,enriched
WBGene00002174,greater,enriched
WBGene00021128,greater,enriched
WBGene00004412,greater,enriched
WBGene00016663,greater,enriched
WBGene00021834,greater,enriched
WBGene00020917,greater,enriched
WBGene00000036,greater,enriched
WBGene00021635,greater,enriched
WBGene00020903,greater,enriched
WBGene00004890,greater,enriched
WBGene00001501,greater,enriched
WBGene00016838,greater,enriched
WBGene00015631,greater,enriched
WBGene00017089,greater,enriched
WBGene00077701,greater,enriched
WBGene00020034,greater,enriched
WBGene00002137,greater,enriched
WBGene00002138,greater,enriched
WBGene00002139,greater,enriched
WBGene00022474,greater,enriched
WBGene00016655,greater,enriched
WBGene00015692,greater,enriched
WBGene00002979,greater,enriched
WBGene00016734,greater,enriched
WBGene00045212,greater,enriched
WBGene00000150,greater,enriched
WBGene00000966,greater,enriched
WBGene00016332,greater,enriched
WBGene00003996,greater,enriched
WBGene00016155,greater,enriched
WBGene00001819,greater,enriched
WBGene00022748,greater,enriched
WBGene00020838,greater,enriched
WBGene00020378,greater,enriched
WBGene00020347,greater,enriched
WBGene00004486,greater,enriched
WBGene00022593,greater,enriched
WBGene00016943,greater,enriched
WBGene00016942,greater,enriched
WBGene00002258,greater,enriched
WBGene00002257,greater,enriched
WBGene00020400,greater,enriched
WBGene00020401,greater,enriched
WBGene00016260,greater,enriched
WBGene00016265,greater,enriched
WBGene00044988,greater,enriched
WBGene00007024,greater,enriched
WBGene00001644,greater,enriched
WBGene00010740,greater,enriched
WBGene00010644,greater,enriched
WBGene00007254,greater,enriched
WBGene00009918,greater,enriched
WBGene00008542,greater,enriched
WBGene00012140,greater,enriched
WBGene00007743,greater,enriched
WBGene00012031,greater,enriched
WBGene00000084,greater,enriched
WBGene00009187,greater,enriched
WBGene00009274,greater,enriched
WBGene00008311,greater,enriched
WBGene00000967,greater,enriched
WBGene00013955,greater,enriched
WBGene00001651,greater,enriched
WBGene00007973,greater,enriched
WBGene00008439,greater,enriched
WBGene00009453,greater,enriched
WBGene00004484,greater,enriched
WBGene00010133,greater,enriched
WBGene00010136,greater,enriched
WBGene00010134,greater,enriched
WBGene00010135,greater,enriched
WBGene00007856,greater,enriched
WBGene00001843,greater,enriched
WBGene00003182,greater,enriched
WBGene00077525,greater,enriched
WBGene00011494,greater,enriched
WBGene00004426,greater,enriched
WBGene00007303,greater,enriched
WBGene00003659,greater,enriched
WBGene00003564,greater,enriched
WBGene00004476,greater,enriched
WBGene00077521,greater,enriched
WBGene00003233,greater,enriched
WBGene00013716,greater,enriched
WBGene00004444,greater,enriched
WBGene00044792,greater,enriched
WBGene00010328,greater,enriched
WBGene00004408,greater,enriched
WBGene00044644,greater,enriched
WBGene00077770,greater,enriched
WBGene00011936,greater,enriched
WBGene00012948,greater,enriched
WBGene00012961,greater,enriched
WBGene00010825,greater,enriched
WBGene00010822,greater,enriched
WBGene00008787,greater,enriched
WBGene00008785,greater,enriched
WBGene00008163,greater,enriched
WBGene00011657,greater,enriched
WBGene00008477,greater,enriched
WBGene00012216,greater,enriched
WBGene00001008,greater,enriched
WBGene00008564,greater,enriched
WBGene00008565,greater,enriched
WBGene00008566,greater,enriched
WBGene00008567,greater,enriched
WBGene00004196,greater,enriched
WBGene00077684,greater,enriched
WBGene00007656,greater,enriched
WBGene00007660,greater,enriched
WBGene00009061,greater,enriched
WBGene00044707,greater,enriched
WBGene00045458,greater,enriched
WBGene00003585,greater,enriched
WBGene00013594,greater,enriched
WBGene00012235,greater,enriched
WBGene00004475,greater,enriched
WBGene00013513,greater,enriched
WBGene00004875,greater,enriched
WBGene00009824,greater,enriched
WBGene00003980,greater,enriched
WBGene00013690,greater,enriched
WBGene00013693,greater,enriched
WBGene00013197,greater,enriched
WBGene00013203,greater,enriched
WBGene00000088,greater,enriched
WBGene00002189,greater,enriched
WBGene00009369,greater,enriched
WBGene00001177,greater,enriched
WBGene00021412,greater,enriched
WBGene00000022,greater,enriched
WBGene00022642,greater,enriched
WBGene00022644,greater,enriched
WBGene00022645,greater,enriched
WBGene00003688,greater,enriched
WBGene00019742,greater,enriched
WBGene00003689,greater,enriched
WBGene00003645,greater,enriched
WBGene00020153,greater,enriched
WBGene00020152,greater,enriched
WBGene00003696,greater,enriched
WBGene00003721,greater,enriched
WBGene00020015,greater,enriched
WBGene00018624,greater,enriched
WBGene00017961,greater,enriched
WBGene00017957,greater,enriched
WBGene00001564,greater,enriched
WBGene00044514,greater,enriched
WBGene00020058,greater,enriched
WBGene00044776,greater,enriched
WBGene00019972,greater,enriched
WBGene00019973,greater,enriched
WBGene00020662,greater,enriched
WBGene00004053,greater,enriched
WBGene00001578,greater,enriched
WBGene00019978,greater,enriched
WBGene00017504,greater,enriched
WBGene00017510,greater,enriched
WBGene00017503,greater,enriched
WBGene00003707,greater,enriched
WBGene00021611,greater,enriched
WBGene00020394,greater,enriched
WBGene00020393,greater,enriched
WBGene00020277,greater,enriched
WBGene00020280,greater,enriched
WBGene00020343,greater,enriched
WBGene00020340,greater,enriched
WBGene00000111,greater,enriched
WBGene00021487,greater,enriched
WBGene00194908,greater,enriched
WBGene00017720,greater,enriched
WBGene00016697,greater,enriched
WBGene00021167,greater,enriched
WBGene00021168,greater,enriched
WBGene00021164,greater,enriched
WBGene00003723,greater,enriched
WBGene00003718,greater,enriched
WBGene00003693,greater,enriched
WBGene00003617,greater,enriched
WBGene00003716,greater,enriched
WBGene00003724,greater,enriched
WBGene00003686,greater,enriched
WBGene00018413,greater,enriched
WBGene00018262,greater,enriched
WBGene00018261,greater,enriched
WBGene00018260,greater,enriched
WBGene00018265,greater,enriched
WBGene00018266,greater,enriched
WBGene00003705,greater,enriched
WBGene00020850,greater,enriched
WBGene00017501,greater,enriched
WBGene00017498,greater,enriched
WBGene00001758,greater,enriched
WBGene00021565,greater,enriched
WBGene00016231,greater,enriched
WBGene00018760,greater,enriched
WBGene00018758,greater,enriched
WBGene00020962,greater,enriched
WBGene00016048,greater,enriched
WBGene00016052,greater,enriched
WBGene00019885,greater,enriched
WBGene00000977,greater,enriched
WBGene00018823,greater,enriched
WBGene00020182,greater,enriched
WBGene00002055,greater,enriched
WBGene00016281,greater,enriched
WBGene00016282,greater,enriched
WBGene00016860,greater,enriched
WBGene00022261,greater,enriched
WBGene00022260,greater,enriched
WBGene00022258,greater,enriched
WBGene00044525,greater,enriched
WBGene00015437,greater,enriched
WBGene00001781,greater,enriched
WBGene00015574,greater,enriched
WBGene00020696,greater,enriched
WBGene00019097,greater,enriched
WBGene00044527,greater,enriched
WBGene00021081,greater,enriched
WBGene00019962,greater,enriched
WBGene00019965,greater,enriched
WBGene00019967,greater,enriched
WBGene00019968,greater,enriched
WBGene00018543,greater,enriched
WBGene00003714,greater,enriched
WBGene00015906,greater,enriched
WBGene00019473,greater,enriched
WBGene00020386,greater,enriched
WBGene00015041,greater,enriched
WBGene00015042,greater,enriched
WBGene00015044,greater,enriched
WBGene00019565,greater,enriched
WBGene00019564,greater,enriched
WBGene00016786,greater,enriched
WBGene00016785,greater,enriched
WBGene00269425,greater,enriched
WBGene00016789,greater,enriched
WBGene00020369,greater,enriched
WBGene00022014,greater,enriched
WBGene00004195,greater,enriched
WBGene00018210,greater,enriched
WBGene00018209,greater,enriched
WBGene00018207,greater,enriched
WBGene00015981,greater,enriched
WBGene00016507,greater,enriched
WBGene00016506,greater,enriched
WBGene00020592,greater,enriched
WBGene00020593,greater,enriched
WBGene00020587,greater,enriched
WBGene00020594,greater,enriched
WBGene00019235,greater,enriched
WBGene00019234,greater,enriched
WBGene00019233,greater,enriched
WBGene00019232,greater,enriched
WBGene00044534,greater,enriched
WBGene00015342,greater,enriched
WBGene00015338,greater,enriched
WBGene00003574,greater,enriched
WBGene00015739,greater,enriched
WBGene00005657,greater,enriched
WBGene00019644,greater,enriched
WBGene00019645,greater,enriched
WBGene00003374,greater,enriched
WBGene00015449,greater,enriched
WBGene00017465,greater,enriched
WBGene00015369,greater,enriched
WBGene00015371,greater,enriched
WBGene00015366,greater,enriched
WBGene00016862,greater,enriched
WBGene00015067,greater,enriched
WBGene00016431,greater,enriched
WBGene00020256,greater,enriched
WBGene00016061,greater,enriched
WBGene00015965,greater,enriched
WBGene00015968,greater,enriched
WBGene00000071,greater,enriched
WBGene00015768,greater,enriched
WBGene00015767,greater,enriched
WBGene00017771,greater,enriched
WBGene00017765,greater,enriched
WBGene00019599,greater,enriched
WBGene00016892,greater,enriched
WBGene00018430,greater,enriched
WBGene00045305,greater,enriched
WBGene00019763,greater,enriched
WBGene00001345,greater,enriched
WBGene00017537,greater,enriched
WBGene00017964,greater,enriched
WBGene00023432,greater,enriched
WBGene00017431,greater,enriched
WBGene00001581,greater,enriched
WBGene00019017,greater,enriched
WBGene00000110,greater,enriched
WBGene00002273,greater,enriched
WBGene00020909,greater,enriched
WBGene00018489,greater,enriched
WBGene00019373,greater,enriched
WBGene00001506,greater,enriched
WBGene00017151,greater,enriched
WBGene00022847,greater,enriched
WBGene00022848,greater,enriched
WBGene00004092,greater,enriched
WBGene00004062,greater,enriched
WBGene00003473,greater,enriched
WBGene00194821,greater,enriched
WBGene00003844,greater,enriched
WBGene00005188,greater,enriched
WBGene00016367,greater,enriched
WBGene00003697,greater,enriched
WBGene00003786,greater,enriched
WBGene00044699,greater,enriched
WBGene00003725,greater,enriched
WBGene00017333,greater,enriched
WBGene00017334,greater,enriched
WBGene00017335,greater,enriched
WBGene00017329,greater,enriched
WBGene00006237,greater,enriched
WBGene00017336,greater,enriched
WBGene00017310,greater,enriched
WBGene00015400,greater,enriched
WBGene00015393,greater,enriched
WBGene00015361,greater,enriched
WBGene00015362,greater,enriched
WBGene00015963,greater,enriched
WBGene00235092,greater,enriched
WBGene00001500,greater,enriched
WBGene00015709,greater,enriched
WBGene00016146,greater,enriched
WBGene00022813,greater,enriched
WBGene00016505,greater,enriched
WBGene00016504,greater,enriched
WBGene00016502,greater,enriched
WBGene00018216,greater,enriched
WBGene00045393,greater,enriched
WBGene00045392,greater,enriched
WBGene00017823,greater,enriched
WBGene00018398,greater,enriched
WBGene00001152,greater,enriched
WBGene00017635,greater,enriched
WBGene00005649,greater,enriched
WBGene00017640,greater,enriched
WBGene00019479,greater,enriched
WBGene00015859,greater,enriched
WBGene00000219,greater,enriched
WBGene00000218,greater,enriched
WBGene00020941,greater,enriched
WBGene00044696,greater,enriched
WBGene00002021,greater,enriched
WBGene00018286,greater,enriched
WBGene00017881,greater,enriched
WBGene00022538,greater,enriched
WBGene00000541,greater,enriched
WBGene00022549,greater,enriched
WBGene00022548,greater,enriched
WBGene00022546,greater,enriched
WBGene00015223,greater,enriched
WBGene00015227,greater,enriched
WBGene00015225,greater,enriched
WBGene00015220,greater,enriched
WBGene00019444,greater,enriched
WBGene00019203,greater,enriched
WBGene00019115,greater,enriched
WBGene00020865,greater,enriched
WBGene00017658,greater,enriched
WBGene00006418,greater,enriched
WBGene00015057,greater,enriched
WBGene00016046,greater,enriched
WBGene00000215,greater,enriched
WBGene00017197,greater,enriched
WBGene00017198,greater,enriched
WBGene00019464,greater,enriched
WBGene00023485,greater,enriched
WBGene00017092,greater,enriched
WBGene00017093,greater,enriched
WBGene00019237,greater,enriched
WBGene00010597,greater,enriched
WBGene00008669,greater,enriched
WBGene00008229,greater,enriched
WBGene00009101,greater,enriched
WBGene00009102,greater,enriched
WBGene00011534,greater,enriched
WBGene00013963,greater,enriched
WBGene00006470,greater,enriched
WBGene00000172,greater,enriched
WBGene00010256,greater,enriched
WBGene00009773,greater,enriched
WBGene00005703,greater,enriched
WBGene00008239,greater,enriched
WBGene00008246,greater,enriched
WBGene00011571,greater,enriched
WBGene00007786,greater,enriched
WBGene00011002,greater,enriched
WBGene00011003,greater,enriched
WBGene00007422,greater,enriched
WBGene00007431,greater,enriched
WBGene00007424,greater,enriched
WBGene00008255,greater,enriched
WBGene00014106,greater,enriched
WBGene00004405,greater,enriched
WBGene00012494,greater,enriched
WBGene00003090,greater,enriched
WBGene00003091,greater,enriched
WBGene00007097,greater,enriched
WBGene00010628,greater,enriched
WBGene00007070,greater,enriched
WBGene00007072,greater,enriched
WBGene00007073,greater,enriched
WBGene00008874,greater,enriched
WBGene00012529,greater,enriched
WBGene00012531,greater,enriched
WBGene00007946,greater,enriched
WBGene00007950,greater,enriched
WBGene00009110,greater,enriched
WBGene00011893,greater,enriched
WBGene00009236,greater,enriched
WBGene00009237,greater,enriched
WBGene00008372,greater,enriched
WBGene00008375,greater,enriched
WBGene00005001,greater,enriched
WBGene00008923,greater,enriched
WBGene00007553,greater,enriched
WBGene00008105,greater,enriched
WBGene00000981,greater,enriched
WBGene00011427,greater,enriched
WBGene00012152,greater,enriched
WBGene00011830,greater,enriched
WBGene00011831,greater,enriched
WBGene00000539,greater,enriched
WBGene00011404,greater,enriched
WBGene00010524,greater,enriched
WBGene00008332,greater,enriched
WBGene00008336,greater,enriched
WBGene00003691,greater,enriched
WBGene00003658,greater,enriched
WBGene00000983,greater,enriched
WBGene00009383,greater,enriched
WBGene00009389,greater,enriched
WBGene00012101,greater,enriched
WBGene00011439,greater,enriched
WBGene00010079,greater,enriched
WBGene00004258,greater,enriched
WBGene00010790,greater,enriched
WBGene00010286,greater,enriched
WBGene00008258,greater,enriched
WBGene00010204,greater,enriched
WBGene00000073,greater,enriched
WBGene00008644,greater,enriched
WBGene00011090,greater,enriched
WBGene00011097,greater,enriched
WBGene00011099,greater,enriched
WBGene00011100,greater,enriched
WBGene00007546,greater,enriched
WBGene00004898,greater,enriched
WBGene00010470,greater,enriched
WBGene00010472,greater,enriched
WBGene00010471,greater,enriched
WBGene00008296,greater,enriched
WBGene00045400,greater,enriched
WBGene00005249,greater,enriched
WBGene00008301,greater,enriched
WBGene00008302,greater,enriched
WBGene00008303,greater,enriched
WBGene00012144,greater,enriched
WBGene00000984,greater,enriched
WBGene00007605,greater,enriched
WBGene00008936,greater,enriched
WBGene00013909,greater,enriched
WBGene00013908,greater,enriched
WBGene00013906,greater,enriched
WBGene00013905,greater,enriched
WBGene00013904,greater,enriched
WBGene00013900,greater,enriched
WBGene00013901,greater,enriched
WBGene00008097,greater,enriched
WBGene00008101,greater,enriched
WBGene00008100,greater,enriched
WBGene00008102,greater,enriched
WBGene00011587,greater,enriched
WBGene00010063,greater,enriched
WBGene00004150,greater,enriched
WBGene00011801,greater,enriched
WBGene00011305,greater,enriched
WBGene00008849,greater,enriched
WBGene00008850,greater,enriched
WBGene00012339,greater,enriched
WBGene00007153,greater,enriched
WBGene00007932,greater,enriched
WBGene00007749,greater,enriched
WBGene00007748,greater,enriched
WBGene00008220,greater,enriched
WBGene00009347,greater,enriched
WBGene00010867,greater,enriched
WBGene00000789,greater,enriched
WBGene00009984,greater,enriched
WBGene00012381,greater,enriched
WBGene00008341,greater,enriched
WBGene00000302,greater,enriched
WBGene00008226,greater,enriched
WBGene00008228,greater,enriched
WBGene00008227,greater,enriched
WBGene00010425,greater,enriched
WBGene00011330,greater,enriched
WBGene00009431,greater,enriched
WBGene00009430,greater,enriched
WBGene00009433,greater,enriched
WBGene00009434,greater,enriched
WBGene00009432,greater,enriched
WBGene00008986,greater,enriched
WBGene00008988,greater,enriched
WBGene00009971,greater,enriched
WBGene00009973,greater,enriched
WBGene00002259,greater,enriched
WBGene00011932,greater,enriched
WBGene00007362,greater,enriched
WBGene00007361,greater,enriched
WBGene00007365,greater,enriched
WBGene00011190,greater,enriched
WBGene00045401,greater,enriched
WBGene00011364,greater,enriched
WBGene00011362,greater,enriched
WBGene00013875,greater,enriched
WBGene00013874,greater,enriched
WBGene00013873,greater,enriched
WBGene00009805,greater,enriched
WBGene00008594,greater,enriched
WBGene00008593,greater,enriched
WBGene00008595,greater,enriched
WBGene00010977,greater,enriched
WBGene00008267,greater,enriched
WBGene00003982,greater,enriched
WBGene00010386,greater,enriched
WBGene00001852,greater,enriched
WBGene00007716,greater,enriched
WBGene00007236,greater,enriched
WBGene00011340,greater,enriched
WBGene00004037,greater,enriched
WBGene00005748,greater,enriched
WBGene00011699,greater,enriched
WBGene00000783,greater,enriched
WBGene00014192,greater,enriched
WBGene00014194,greater,enriched
WBGene00007807,greater,enriched
WBGene00001150,greater,enriched
WBGene00000986,greater,enriched
WBGene00005931,greater,enriched
WBGene00044759,greater,enriched
WBGene00011539,greater,enriched
WBGene00012533,greater,enriched
WBGene00194708,greater,enriched
WBGene00012070,greater,enriched
WBGene00007368,greater,enriched
WBGene00005429,greater,enriched
WBGene00219316,greater,enriched
WBGene00009221,greater,enriched
WBGene00003643,greater,enriched
WBGene00012398,greater,enriched
WBGene00012399,greater,enriched
WBGene00010019,greater,enriched
WBGene00003692,greater,enriched
WBGene00003674,greater,enriched
WBGene00011517,greater,enriched
WBGene00009418,greater,enriched
WBGene00001786,greater,enriched
WBGene00000412,greater,enriched
WBGene00003698,greater,enriched
WBGene00009490,greater,enriched
WBGene00003640,greater,enriched
WBGene00003653,greater,enriched
WBGene00050899,greater,enriched
WBGene00008830,greater,enriched
WBGene00009048,greater,enriched
WBGene00009706,greater,enriched
WBGene00004809,greater,enriched
WBGene00009709,greater,enriched
WBGene00009710,greater,enriched
WBGene00008632,greater,enriched
WBGene00008634,greater,enriched
WBGene00009226,greater,enriched
WBGene00007833,greater,enriched
WBGene00010215,greater,enriched
WBGene00012518,greater,enriched
WBGene00003644,greater,enriched
WBGene00005475,greater,enriched
WBGene00000776,greater,enriched
WBGene00012525,greater,enriched
WBGene00050904,greater,enriched
WBGene00003702,greater,enriched
WBGene00011850,greater,enriched
WBGene00011853,greater,enriched
WBGene00044331,greater,enriched
WBGene00044332,greater,enriched
WBGene00011852,greater,enriched
WBGene00013609,greater,enriched
WBGene00013608,greater,enriched
WBGene00013607,greater,enriched
WBGene00009860,greater,enriched
WBGene00009856,greater,enriched
WBGene00009857,greater,enriched
WBGene00009859,greater,enriched
WBGene00011487,greater,enriched
WBGene00005444,greater,enriched
WBGene00013935,greater,enriched
WBGene00013938,greater,enriched
WBGene00011844,greater,enriched
WBGene00044654,greater,enriched
WBGene00010752,greater,enriched
WBGene00009839,greater,enriched
WBGene00009840,greater,enriched
WBGene00009835,greater,enriched
WBGene00012491,greater,enriched
WBGene00012404,greater,enriched
WBGene00044207,greater,enriched
WBGene00010296,greater,enriched
WBGene00006685,greater,enriched
WBGene00001397,greater,enriched
WBGene00004003,greater,enriched
WBGene00008127,greater,enriched
WBGene00007394,greater,enriched
WBGene00007392,greater,enriched
WBGene00007393,greater,enriched
WBGene00045416,greater,enriched
WBGene00007565,greater,enriched
WBGene00008900,greater,enriched
WBGene00011209,greater,enriched
WBGene00011213,greater,enriched
WBGene00011207,greater,enriched
WBGene00011212,greater,enriched
WBGene00007440,greater,enriched
WBGene00013946,greater,enriched
WBGene00013947,greater,enriched
WBGene00013073,greater,enriched
WBGene00013080,greater,enriched
WBGene00013484,greater,enriched
WBGene00012452,greater,enriched
WBGene00012449,greater,enriched
WBGene00008309,greater,enriched
WBGene00003655,greater,enriched
WBGene00013587,greater,enriched
WBGene00012699,greater,enriched
WBGene00000214,greater,enriched
WBGene00006696,greater,enriched
WBGene00012668,greater,enriched
WBGene00003669,greater,enriched
WBGene00012810,greater,enriched
WBGene00005833,greater,enriched
WBGene00045412,greater,enriched
WBGene00007726,greater,enriched
WBGene00044291,greater,enriched
WBGene00007725,greater,enriched
WBGene00007724,greater,enriched
WBGene00007728,greater,enriched
WBGene00050967,greater,enriched
WBGene00045411,greater,enriched
WBGene00194803,greater,enriched
WBGene00045461,greater,enriched
WBGene00010850,greater,enriched
WBGene00010851,greater,enriched
WBGene00206418,greater,enriched
WBGene00012824,greater,enriched
WBGene00012823,greater,enriched
WBGene00195176,greater,enriched
WBGene00012825,greater,enriched
WBGene00012834,greater,enriched
WBGene00012251,greater,enriched
WBGene00012253,greater,enriched
WBGene00003959,greater,enriched
WBGene00013822,greater,enriched
WBGene00001629,greater,enriched
WBGene00013358,greater,enriched
WBGene00023519,greater,enriched
WBGene00044211,greater,enriched
WBGene00008945,greater,enriched
WBGene00008944,greater,enriched
WBGene00013762,greater,enriched
WBGene00012615,greater,enriched
WBGene00012622,greater,enriched
WBGene00012624,greater,enriched
WBGene00012629,greater,enriched
WBGene00009166,greater,enriched
WBGene00009168,greater,enriched
WBGene00000139,greater,enriched
WBGene00009106,greater,enriched
WBGene00016020,greater,enriched
WBGene00019615,greater,enriched
WBGene00020837,greater,enriched
WBGene00017874,greater,enriched
WBGene00020307,greater,enriched
WBGene00020472,greater,enriched
WBGene00020740,greater,enriched
WBGene00021965,greater,enriched
WBGene00020329,greater,enriched
WBGene00006464,greater,enriched
WBGene00015598,greater,enriched
WBGene00015601,greater,enriched
WBGene00015602,greater,enriched
WBGene00015605,greater,enriched
WBGene00022562,greater,enriched
WBGene00018100,greater,enriched
WBGene00015608,greater,enriched
WBGene00219271,greater,enriched
WBGene00020360,greater,enriched
WBGene00020359,greater,enriched
WBGene00020358,greater,enriched
WBGene00020357,greater,enriched
WBGene00016884,greater,enriched
WBGene00016883,greater,enriched
WBGene00016719,greater,enriched
WBGene00016717,greater,enriched
WBGene00016556,greater,enriched
WBGene00016555,greater,enriched
WBGene00004149,greater,enriched
WBGene00020532,greater,enriched
WBGene00016544,greater,enriched
WBGene00016335,greater,enriched
WBGene00022873,greater,enriched
WBGene00022868,greater,enriched
WBGene00022867,greater,enriched
WBGene00018353,greater,enriched
WBGene00044672,greater,enriched
WBGene00018351,greater,enriched
WBGene00005586,greater,enriched
WBGene00045457,greater,enriched
WBGene00021296,greater,enriched
WBGene00022574,greater,enriched
WBGene00015913,greater,enriched
WBGene00017181,greater,enriched
WBGene00018195,greater,enriched
WBGene00021590,greater,enriched
WBGene00021589,greater,enriched
WBGene00021148,greater,enriched
WBGene00044811,greater,enriched
WBGene00020774,greater,enriched
WBGene00006002,greater,enriched
WBGene00020777,greater,enriched
WBGene00018804,greater,enriched
WBGene00018755,greater,enriched
WBGene00044381,greater,enriched
WBGene00044382,greater,enriched
WBGene00021190,greater,enriched
WBGene00020007,greater,enriched
WBGene00019859,greater,enriched
WBGene00017947,greater,enriched
WBGene00017948,greater,enriched
WBGene00015116,greater,enriched
WBGene00003699,greater,enriched
WBGene00020460,greater,enriched
WBGene00003615,greater,enriched
WBGene00018274,greater,enriched
WBGene00017374,greater,enriched
WBGene00017838,greater,enriched
WBGene00017840,greater,enriched
WBGene00044663,greater,enriched
WBGene00045455,greater,enriched
WBGene00001754,greater,enriched
WBGene00019890,greater,enriched
WBGene00019895,greater,enriched
WBGene00004434,greater,enriched
WBGene00015455,greater,enriched
WBGene00003547,greater,enriched
WBGene00019022,greater,enriched
WBGene00016162,greater,enriched
WBGene00016415,greater,enriched
WBGene00004020,greater,enriched
WBGene00006923,greater,enriched
WBGene00015894,greater,enriched
WBGene00015889,greater,enriched
WBGene00015887,greater,enriched
WBGene00003097,greater,enriched
WBGene00000970,greater,enriched
WBGene00016119,greater,enriched
WBGene00002054,greater,enriched
WBGene00017327,greater,enriched
WBGene00019411,greater,enriched
WBGene00019270,greater,enriched
WBGene00018874,greater,enriched
WBGene00271817,greater,enriched
WBGene00020029,greater,enriched
WBGene00020022,greater,enriched
WBGene00017443,greater,enriched
WBGene00017437,greater,enriched
WBGene00017442,greater,enriched
WBGene00017434,greater,enriched
WBGene00004860,greater,enriched
WBGene00016315,greater,enriched
WBGene00020799,greater,enriched
WBGene00003621,greater,enriched
WBGene00020895,greater,enriched
WBGene00003480,greater,enriched
WBGene00255600,greater,enriched
WBGene00020579,greater,enriched
WBGene00020580,greater,enriched
WBGene00020577,greater,enriched
WBGene00020576,greater,enriched
WBGene00019273,greater,enriched
WBGene00016004,greater,enriched
WBGene00006636,greater,enriched
WBGene00044221,greater,enriched
WBGene00004058,greater,enriched
WBGene00004059,greater,enriched
WBGene00016631,greater,enriched
WBGene00015087,greater,enriched
WBGene00020166,greater,enriched
WBGene00020319,greater,enriched
WBGene00016174,greater,enriched
WBGene00017125,greater,enriched
WBGene00017123,greater,enriched
WBGene00017969,greater,enriched
WBGene00000169,greater,enriched
WBGene00004198,greater,enriched
WBGene00017971,greater,enriched
WBGene00016274,greater,enriched
WBGene00019290,greater,enriched
WBGene00017023,greater,enriched
WBGene00022887,greater,enriched
WBGene00022893,greater,enriched
WBGene00044396,greater,enriched
WBGene00003730,greater,enriched
WBGene00015206,greater,enriched
WBGene00015064,greater,enriched
WBGene00015517,greater,enriched
WBGene00003813,greater,enriched
WBGene00006739,greater,enriched
WBGene00004421,greater,enriched
WBGene00009403,greater,enriched
WBGene00009903,greater,enriched
WBGene00001523,greater,enriched
WBGene00011756,greater,enriched
WBGene00010041,greater,enriched
WBGene00004440,greater,enriched
WBGene00011926,greater,enriched
WBGene00007918,greater,enriched
WBGene00004194,greater,enriched
WBGene00004397,greater,enriched
WBGene00010681,greater,enriched
WBGene00001505,greater,enriched
WBGene00011767,greater,enriched
WBGene00007685,greater,enriched
WBGene00007689,greater,enriched
WBGene00011979,greater,enriched
WBGene00007421,greater,enriched
WBGene00012005,greater,enriched
WBGene00006367,greater,enriched
WBGene00002299,greater,enriched
WBGene00001761,greater,enriched
WBGene00012032,greater,enriched
WBGene00007228,greater,enriched
WBGene00005271,greater,enriched
WBGene00006429,greater,enriched
WBGene00011167,greater,enriched
WBGene00044807,greater,enriched
WBGene00009450,greater,enriched
WBGene00014251,greater,enriched
WBGene00014252,greater,enriched
WBGene00014253,greater,enriched
WBGene00000178,greater,enriched
WBGene00011677,greater,enriched
WBGene00011675,greater,enriched
WBGene00011671,greater,enriched
WBGene00011672,greater,enriched
WBGene00011673,greater,enriched
WBGene00011674,greater,enriched
WBGene00007330,greater,enriched
WBGene00011274,greater,enriched
WBGene00003773,greater,enriched
WBGene00014164,greater,enriched
WBGene00206354,greater,enriched
WBGene00004038,greater,enriched
WBGene00014175,greater,enriched
WBGene00010831,greater,enriched
WBGene00007414,greater,enriched
WBGene00011661,greater,enriched
WBGene00008483,greater,enriched
WBGene00014057,greater,enriched
WBGene00014047,greater,enriched
WBGene00003107,greater,enriched
WBGene00007557,greater,enriched
WBGene00007558,greater,enriched
WBGene00010899,greater,enriched
WBGene00010901,greater,enriched
WBGene00001522,greater,enriched
WBGene00001153,greater,enriched
WBGene00001753,greater,enriched
WBGene00004454,greater,enriched
WBGene00004478,greater,enriched
WBGene00004096,greater,enriched
WBGene00009512,greater,enriched
WBGene00014666,greater,enriched
WBGene00006915,greater,enriched
WBGene00012201,greater,enriched
WBGene00007143,greater,enriched
WBGene00010055,greater,enriched
WBGene00010050,greater,enriched
WBGene00010049,greater,enriched
WBGene00013923,greater,enriched
WBGene00012149,greater,enriched
WBGene00008741,greater,enriched
WBGene00009663,greater,enriched
WBGene00012464,greater,enriched
WBGene00012467,greater,enriched
WBGene00013257,greater,enriched
WBGene00013284,greater,enriched
WBGene00012582,greater,enriched
WBGene00012583,greater,enriched
WBGene00012909,greater,enriched
WBGene00012910,greater,enriched
WBGene00012911,greater,enriched
WBGene00009393,greater,enriched
WBGene00009394,greater,enriched
WBGene00009396,greater,enriched
WBGene00009397,greater,enriched
WBGene00010266,greater,enriched
WBGene00012608,greater,enriched
WBGene00003388,greater,enriched
WBGene00012987,greater,enriched
WBGene00009741,greater,enriched
WBGene00010070,greater,enriched
WBGene00007841,greater,enriched
WBGene00002235,greater,enriched
WBGene00011052,greater,enriched
WBGene00007220,greater,enriched
WBGene00008577,greater,enriched
WBGene00012330,greater,enriched
WBGene00012728,greater,enriched
WBGene00008492,greater,enriched
WBGene00008498,greater,enriched
WBGene00008499,greater,enriched
WBGene00013215,greater,enriched
WBGene00013216,greater,enriched
WBGene00000831,greater,enriched
WBGene00000830,greater,enriched
WBGene00013220,greater,enriched
WBGene00006603,greater,enriched
WBGene00012182,greater,enriched
WBGene00011045,greater,enriched
WBGene00013149,greater,enriched
WBGene00001247,greater,enriched
WBGene00013176,greater,enriched
WBGene00013170,greater,enriched
WBGene00001774,greater,enriched
WBGene00001775,greater,enriched
WBGene00001776,greater,enriched
WBGene00004995,less,depleted
WBGene00004228,less,depleted
WBGene00012007,less,depleted
WBGene00012762,less,depleted
WBGene00016799,less,depleted
WBGene00004223,less,depleted
WBGene00010757,less,depleted
WBGene00013914,less,depleted
WBGene00016641,less,depleted
WBGene00015472,less,depleted
WBGene00018744,less,depleted
WBGene00016533,less,depleted
WBGene00003517,less,depleted
WBGene00044772,less,depleted
WBGene00021763,less,depleted
WBGene00006829,less,depleted
WBGene00007214,less,depleted
WBGene00044705,less,depleted
WBGene00006796,less,depleted
WBGene00003731,less,depleted
WBGene00011838,less,depleted
WBGene00001645,less,depleted
WBGene00010080,less,depleted
WBGene00014122,less,depleted
WBGene00013046,less,depleted
WBGene00008066,less,depleted
WBGene00015286,less,depleted
WBGene00019280,less,depleted
WBGene00015407,less,depleted
WBGene00019855,less,depleted
WBGene00009626,less,depleted
WBGene00007375,less,depleted
WBGene00009701,less,depleted
WBGene00012607,less,depleted
WBGene00012980,less,depleted
WBGene00000897,lessAbs,equal
WBGene00195063,lessAbs,equal
WBGene00021394,lessAbs,equal
WBGene00044789,lessAbs,equal
WBGene00020298,lessAbs,equal
WBGene00022044,lessAbs,equal
WBGene00019664,lessAbs,equal
WBGene00018932,lessAbs,equal
WBGene00021935,lessAbs,equal
WBGene00021938,lessAbs,equal
WBGene00004047,lessAbs,equal
WBGene00021925,lessAbs,equal
WBGene00021926,lessAbs,equal
WBGene00000816,lessAbs,equal
WBGene00021934,lessAbs,equal
WBGene00021933,lessAbs,equal
WBGene00022427,lessAbs,equal
WBGene00022306,lessAbs,equal
WBGene00021514,lessAbs,equal
WBGene00021522,lessAbs,equal
WBGene00021512,lessAbs,equal
WBGene00021507,lessAbs,equal
WBGene00021508,lessAbs,equal
WBGene00021506,lessAbs,equal
WBGene00018681,lessAbs,equal
WBGene00018680,lessAbs,equal
WBGene00138717,lessAbs,equal
WBGene00006738,lessAbs,equal
WBGene00021655,lessAbs,equal
WBGene00022297,lessAbs,equal
WBGene00044650,lessAbs,equal
WBGene00021425,lessAbs,equal
WBGene00021423,lessAbs,equal
WBGene00021421,lessAbs,equal
WBGene00022077,lessAbs,equal
WBGene00022075,lessAbs,equal
WBGene00050885,lessAbs,equal
WBGene00021868,lessAbs,equal
WBGene00021882,lessAbs,equal
WBGene00044493,lessAbs,equal
WBGene00021888,lessAbs,equal
WBGene00022059,lessAbs,equal
WBGene00015249,lessAbs,equal
WBGene00015251,lessAbs,equal
WBGene00000424,lessAbs,equal
WBGene00015658,lessAbs,equal
WBGene00003129,lessAbs,equal
WBGene00021370,lessAbs,equal
WBGene00021369,lessAbs,equal
WBGene00019725,lessAbs,equal
WBGene00020930,lessAbs,equal
WBGene00019946,lessAbs,equal
WBGene00022678,lessAbs,equal
WBGene00022681,lessAbs,equal
WBGene00017924,lessAbs,equal
WBGene00017925,lessAbs,equal
WBGene00017919,lessAbs,equal
WBGene00019543,lessAbs,equal
WBGene00006968,lessAbs,equal
WBGene00019544,lessAbs,equal
WBGene00017119,lessAbs,equal
WBGene00001060,lessAbs,equal
WBGene00001058,lessAbs,equal
WBGene00044483,lessAbs,equal
WBGene00019163,lessAbs,equal
WBGene00019162,lessAbs,equal
WBGene00016055,lessAbs,equal
WBGene00020994,lessAbs,equal
WBGene00020993,lessAbs,equal
WBGene00022776,lessAbs,equal
WBGene00020462,lessAbs,equal
WBGene00000247,lessAbs,equal
WBGene00015540,lessAbs,equal
WBGene00019296,lessAbs,equal
WBGene00015703,lessAbs,equal
WBGene00004881,lessAbs,equal
WBGene00022248,lessAbs,equal
WBGene00018160,lessAbs,equal
WBGene00018161,lessAbs,equal
WBGene00015283,lessAbs,equal
WBGene00015282,lessAbs,equal
WBGene00003030,lessAbs,equal
WBGene00019259,lessAbs,equal
WBGene00003043,lessAbs,equal
WBGene00004458,lessAbs,equal
WBGene00020683,lessAbs,equal
WBGene00015553,lessAbs,equal
WBGene00015552,lessAbs,equal
WBGene00015555,lessAbs,equal
WBGene00021544,lessAbs,equal
WBGene00016405,lessAbs,equal
WBGene00016400,lessAbs,equal
WBGene00004411,lessAbs,equal
WBGene00018637,lessAbs,equal
WBGene00002074,lessAbs,equal
WBGene00017989,lessAbs,equal
WBGene00017999,lessAbs,equal
WBGene00016375,lessAbs,equal
WBGene00016376,lessAbs,equal
WBGene00044325,lessAbs,equal
WBGene00016378,lessAbs,equal
WBGene00016383,lessAbs,equal
WBGene00015507,lessAbs,equal
WBGene00016794,lessAbs,equal
WBGene00003827,lessAbs,equal
WBGene00002080,lessAbs,equal
WBGene00000183,lessAbs,equal
WBGene00016128,lessAbs,equal
WBGene00016124,lessAbs,equal
WBGene00021536,lessAbs,equal
WBGene00018357,lessAbs,equal
WBGene00002162,lessAbs,equal
WBGene00004056,lessAbs,equal
WBGene00004055,lessAbs,equal
WBGene00044608,lessAbs,equal
WBGene00004101,lessAbs,equal
WBGene00000923,lessAbs,equal
WBGene00017074,lessAbs,equal
WBGene00001566,lessAbs,equal
WBGene00006450,lessAbs,equal
WBGene00009010,lessAbs,equal
WBGene00009012,lessAbs,equal
WBGene00008971,lessAbs,equal
WBGene00007900,lessAbs,equal
WBGene00008364,lessAbs,equal
WBGene00008274,lessAbs,equal
WBGene00006941,lessAbs,equal
WBGene00009880,lessAbs,equal
WBGene00011859,lessAbs,equal
WBGene00006931,lessAbs,equal
WBGene00000911,lessAbs,equal
WBGene00009542,lessAbs,equal
WBGene00007880,lessAbs,equal
WBGene00012342,lessAbs,equal
WBGene00010638,lessAbs,equal
WBGene00010639,lessAbs,equal
WBGene00009322,lessAbs,equal
WBGene00008151,lessAbs,equal
WBGene00006699,lessAbs,equal
WBGene00008148,lessAbs,equal
WBGene00005663,lessAbs,equal
WBGene00001001,lessAbs,equal
WBGene00010676,lessAbs,equal
WBGene00011776,lessAbs,equal
WBGene00011775,lessAbs,equal
WBGene00004254,lessAbs,equal
WBGene00010557,lessAbs,equal
WBGene00001794,lessAbs,equal
WBGene00007698,lessAbs,equal
WBGene00011239,lessAbs,equal
WBGene00003064,lessAbs,equal
WBGene00011259,lessAbs,equal
WBGene00011722,lessAbs,equal
WBGene00004319,lessAbs,equal
WBGene00003081,lessAbs,equal
WBGene00002981,lessAbs,equal
WBGene00014004,lessAbs,equal
WBGene00008775,lessAbs,equal
WBGene00002344,lessAbs,equal
WBGene00000181,lessAbs,equal
WBGene00008504,lessAbs,equal
WBGene00007444,lessAbs,equal
WBGene00001019,lessAbs,equal
WBGene00002223,lessAbs,equal
WBGene00002192,lessAbs,equal
WBGene00010847,lessAbs,equal
WBGene00004755,lessAbs,equal
WBGene00004360,lessAbs,equal
WBGene00008720,lessAbs,equal
WBGene00012497,lessAbs,equal
WBGene00010231,lessAbs,equal
WBGene00003415,lessAbs,equal
WBGene00010232,lessAbs,equal
WBGene00010233,lessAbs,equal
WBGene00014086,lessAbs,equal
WBGene00001320,lessAbs,equal
WBGene00014076,lessAbs,equal
WBGene00002335,lessAbs,equal
WBGene00003920,lessAbs,equal
WBGene00001151,lessAbs,equal
WBGene00002363,lessAbs,equal
WBGene00009551,lessAbs,equal
WBGene00006566,lessAbs,equal
WBGene00014096,lessAbs,equal
WBGene00011742,lessAbs,equal
WBGene00011740,lessAbs,equal
WBGene00008687,lessAbs,equal
WBGene00010889,lessAbs,equal
WBGene00010892,lessAbs,equal
WBGene00007088,lessAbs,equal
WBGene00007091,lessAbs,equal
WBGene00016582,lessAbs,equal
WBGene00016588,lessAbs,equal
WBGene00008948,lessAbs,equal
WBGene00004756,lessAbs,equal
WBGene00000376,lessAbs,equal
WBGene00009211,lessAbs,equal
WBGene00014083,lessAbs,equal
WBGene00013223,lessAbs,equal
WBGene00004315,lessAbs,equal
WBGene00014139,lessAbs,equal
WBGene00001007,lessAbs,equal
WBGene00007201,lessAbs,equal
WBGene00007207,lessAbs,equal
WBGene00023421,lessAbs,equal
WBGene00008624,lessAbs,equal
WBGene00010437,lessAbs,equal
WBGene00013460,lessAbs,equal
WBGene00013463,lessAbs,equal
WBGene00000818,lessAbs,equal
WBGene00013464,lessAbs,equal
WBGene00013376,lessAbs,equal
WBGene00013378,lessAbs,equal
WBGene00004278,lessAbs,equal
WBGene00013382,lessAbs,equal
WBGene00010709,lessAbs,equal
WBGene00010713,lessAbs,equal
WBGene00012868,lessAbs,equal
WBGene00004681,lessAbs,equal
WBGene00012890,lessAbs,equal
WBGene00009925,lessAbs,equal
WBGene00010794,lessAbs,equal
WBGene00013302,lessAbs,equal
WBGene00013324,lessAbs,equal
WBGene00013301,lessAbs,equal
WBGene00000763,lessAbs,equal
WBGene00013308,lessAbs,equal
WBGene00000192,lessAbs,equal
WBGene00012765,lessAbs,equal
WBGene00012766,lessAbs,equal
WBGene00013529,lessAbs,equal
WBGene00013532,lessAbs,equal
WBGene00004357,lessAbs,equal
WBGene00013109,lessAbs,equal
WBGene00013789,lessAbs,equal
WBGene00000184,lessAbs,equal
WBGene00013805,lessAbs,equal
WBGene00013807,lessAbs,equal
WBGene00000889,lessAbs,equal
WBGene00007826,lessAbs,equal
WBGene00007825,lessAbs,equal
WBGene00006715,lessAbs,equal
WBGene00018239,lessAbs,equal
WBGene00185078,lessAbs,equal
WBGene00021754,lessAbs,equal
WBGene00021753,lessAbs,equal
WBGene00021758,lessAbs,equal
WBGene00021063,lessAbs,equal
WBGene00021061,lessAbs,equal
WBGene00015173,lessAbs,equal
WBGene00019333,lessAbs,equal
WBGene00000202,lessAbs,equal
WBGene00021170,lessAbs,equal
WBGene00020762,lessAbs,equal
WBGene00017758,lessAbs,equal
WBGene00017763,lessAbs,equal
WBGene00015266,lessAbs,equal
WBGene00006697,lessAbs,equal
WBGene00004277,lessAbs,equal
WBGene00022492,lessAbs,equal
WBGene00022347,lessAbs,equal
WBGene00001236,lessAbs,equal
WBGene00022348,lessAbs,equal
WBGene00022055,lessAbs,equal
WBGene00022053,lessAbs,equal
WBGene00022052,lessAbs,equal
WBGene00022051,lessAbs,equal
WBGene00021443,lessAbs,equal
WBGene00021444,lessAbs,equal
WBGene00004886,lessAbs,equal
WBGene00020115,lessAbs,equal
WBGene00016524,lessAbs,equal
WBGene00001589,lessAbs,equal
WBGene00004884,lessAbs,equal
WBGene00021847,lessAbs,equal
WBGene00021849,lessAbs,equal
WBGene00021854,lessAbs,equal
WBGene00000160,lessAbs,equal
WBGene00022174,lessAbs,equal
WBGene00022169,lessAbs,equal
WBGene00022168,lessAbs,equal
WBGene00022166,lessAbs,equal
WBGene00020101,lessAbs,equal
WBGene00021808,lessAbs,equal
WBGene00021815,lessAbs,equal
WBGene00007859,lessAbs,equal
WBGene00003962,lessAbs,equal
WBGene00007576,lessAbs,equal
WBGene00007581,lessAbs,equal
WBGene00003476,lessAbs,equal
WBGene00014204,lessAbs,equal
WBGene00002202,lessAbs,equal
WBGene00004381,lessAbs,equal
WBGene00007626,lessAbs,equal
WBGene00011281,lessAbs,equal
WBGene00003619,lessAbs,equal
WBGene00009648,lessAbs,equal
WBGene00011604,lessAbs,equal
WBGene00011198,lessAbs,equal
WBGene00010428,lessAbs,equal
WBGene00006478,lessAbs,equal
WBGene00007137,lessAbs,equal
WBGene00000511,lessAbs,equal
WBGene00011110,lessAbs,equal
WBGene00010909,lessAbs,equal
WBGene00010908,lessAbs,equal
WBGene00004760,lessAbs,equal
WBGene00001036,lessAbs,equal
WBGene00008006,lessAbs,equal
WBGene00008008,lessAbs,equal
WBGene00017811,lessAbs,equal
WBGene00016443,lessAbs,equal
WBGene00016442,lessAbs,equal
WBGene00000767,lessAbs,equal
WBGene00000204,lessAbs,equal
WBGene00016439,lessAbs,equal
WBGene00017828,lessAbs,equal
WBGene00003598,lessAbs,equal
WBGene00017831,lessAbs,equal
WBGene00017829,lessAbs,equal
WBGene00017825,lessAbs,equal
WBGene00004679,lessAbs,equal
WBGene00017830,lessAbs,equal
WBGene00016145,lessAbs,equal
WBGene00016166,lessAbs,equal
WBGene00016167,lessAbs,equal
WBGene00043156,lessAbs,equal
WBGene00020099,lessAbs,equal
WBGene00021899,lessAbs,equal
WBGene00021902,lessAbs,equal
WBGene00001744,lessAbs,equal
WBGene00020423,lessAbs,equal
WBGene00016411,lessAbs,equal
WBGene00016408,lessAbs,equal
WBGene00001661,lessAbs,equal
WBGene00001662,lessAbs,equal
WBGene00001823,lessAbs,equal
WBGene00001740,lessAbs,equal
WBGene00022599,lessAbs,equal
WBGene00018672,lessAbs,equal
WBGene00022663,lessAbs,equal
WBGene00021313,lessAbs,equal
WBGene00021315,lessAbs,equal
WBGene00021316,lessAbs,equal
WBGene00003901,lessAbs,equal
WBGene00019836,lessAbs,equal
WBGene00019838,lessAbs,equal
WBGene00015143,lessAbs,equal
WBGene00000182,lessAbs,equal
WBGene00000381,lessAbs,equal
WBGene00001057,lessAbs,equal
WBGene00017161,lessAbs,equal
WBGene00017164,lessAbs,equal
WBGene00017159,lessAbs,equal
WBGene00006727,lessAbs,equal
WBGene00020209,lessAbs,equal
WBGene00001166,lessAbs,equal
WBGene00000874,lessAbs,equal
WBGene00020549,lessAbs,equal
WBGene00018341,lessAbs,equal
WBGene00004459,lessAbs,equal
WBGene00020442,lessAbs,equal
WBGene00015810,lessAbs,equal
WBGene00002850,lessAbs,equal
WBGene00015484,lessAbs,equal
WBGene00006516,lessAbs,equal
WBGene00015481,lessAbs,equal
WBGene00020821,lessAbs,equal
WBGene00020820,lessAbs,equal
WBGene00015642,lessAbs,equal
WBGene00017646,lessAbs,equal
WBGene00015734,lessAbs,equal
WBGene00018131,lessAbs,equal
WBGene00003851,lessAbs,equal
WBGene00020068,lessAbs,equal
WBGene00002083,lessAbs,equal
WBGene00004462,lessAbs,equal
WBGene00022734,lessAbs,equal
WBGene00022738,lessAbs,equal
WBGene00015099,lessAbs,equal
WBGene00019401,lessAbs,equal
WBGene00018154,lessAbs,equal
WBGene00020112,lessAbs,equal
WBGene00020109,lessAbs,equal
WBGene00020110,lessAbs,equal
WBGene00020113,lessAbs,equal
WBGene00004189,lessAbs,equal
WBGene00015160,lessAbs,equal
WBGene00015161,lessAbs,equal
WBGene00015164,lessAbs,equal
WBGene00015162,lessAbs,equal
WBGene00015156,lessAbs,equal
WBGene00018953,lessAbs,equal
WBGene00001748,lessAbs,equal
WBGene00017273,lessAbs,equal
WBGene00017268,lessAbs,equal
WBGene00020604,lessAbs,equal
WBGene00020601,lessAbs,equal
WBGene00019196,lessAbs,equal
WBGene00000479,lessAbs,equal
WBGene00002986,lessAbs,equal
WBGene00000846,lessAbs,equal
WBGene00022516,lessAbs,equal
WBGene00022792,lessAbs,equal
WBGene00022787,lessAbs,equal
WBGene00000765,lessAbs,equal
WBGene00044324,lessAbs,equal
WBGene00022800,lessAbs,equal
WBGene00001628,lessAbs,equal
WBGene00004303,lessAbs,equal
WBGene00000508,lessAbs,equal
WBGene00018408,lessAbs,equal
WBGene00019680,lessAbs,equal
WBGene00019679,lessAbs,equal
WBGene00019460,lessAbs,equal
WBGene00019456,lessAbs,equal
WBGene00001565,lessAbs,equal
WBGene00015755,lessAbs,equal
WBGene00015752,lessAbs,equal
WBGene00017045,lessAbs,equal
WBGene00086546,lessAbs,equal
WBGene00003952,lessAbs,equal
WBGene00015346,lessAbs,equal
WBGene00017319,lessAbs,equal
WBGene00017356,lessAbs,equal
WBGene00022580,lessAbs,equal
WBGene00006840,lessAbs,equal
WBGene00002249,lessAbs,equal
WBGene00022704,lessAbs,equal
WBGene00023405,lessAbs,equal
WBGene00022864,lessAbs,equal
WBGene00022865,lessAbs,equal
WBGene00004460,lessAbs,equal
WBGene00015524,lessAbs,equal
WBGene00015525,lessAbs,equal
WBGene00001028,lessAbs,equal
WBGene00015126,lessAbs,equal
WBGene00022721,lessAbs,equal
WBGene00022722,lessAbs,equal
WBGene00003253,lessAbs,equal
WBGene00019301,lessAbs,equal
WBGene00019305,lessAbs,equal
WBGene00006975,lessAbs,equal
WBGene00014023,lessAbs,equal
WBGene00014025,lessAbs,equal
WBGene00001227,lessAbs,equal
WBGene00011962,lessAbs,equal
WBGene00011964,lessAbs,equal
WBGene00012059,lessAbs,equal
WBGene00001284,lessAbs,equal
WBGene00010040,lessAbs,equal
WBGene00010038,lessAbs,equal
WBGene00010132,lessAbs,equal
WBGene00014222,lessAbs,equal
WBGene00006755,lessAbs,equal
WBGene00011502,lessAbs,equal
WBGene00011503,lessAbs,equal
WBGene00014013,lessAbs,equal
WBGene00000189,lessAbs,equal
WBGene00014018,lessAbs,equal
WBGene00010780,lessAbs,equal
WBGene00014075,lessAbs,equal
WBGene00009594,lessAbs,equal
WBGene00010546,lessAbs,equal
WBGene00011813,lessAbs,equal
WBGene00011815,lessAbs,equal
WBGene00014234,lessAbs,equal
WBGene00014227,lessAbs,equal
WBGene00000564,lessAbs,equal
WBGene00006785,lessAbs,equal
WBGene00006802,lessAbs,equal
WBGene00003225,lessAbs,equal
WBGene00009654,lessAbs,equal
WBGene00012864,lessAbs,equal
WBGene00012641,lessAbs,equal
WBGene00012359,lessAbs,equal
WBGene00004302,lessAbs,equal
WBGene00004736,lessAbs,equal
WBGene00011268,lessAbs,equal
WBGene00003898,lessAbs,equal
WBGene00043057,lessAbs,equal
WBGene00013132,lessAbs,equal
WBGene00012966,lessAbs,equal
WBGene00012358,lessAbs,equal
WBGene00012929,lessAbs,equal
WBGene00012932,lessAbs,equal
WBGene00004284,lessAbs,equal
WBGene00013446,lessAbs,equal
WBGene00013434,lessAbs,equal
WBGene00007703,lessAbs,equal
WBGene00007704,lessAbs,equal
WBGene00013225,lessAbs,equal
WBGene00013232,lessAbs,equal
WBGene00013238,lessAbs,equal
WBGene00003594,lessAbs,equal
WBGene00044233,lessAbs,equal
WBGene00013243,lessAbs,equal
WBGene00000201,lessAbs,equal
WBGene00013557,lessAbs,equal
WBGene00004506,lessAbs,equal
WBGene00004919,lessAbs,equal
WBGene00013039,lessAbs,equal
WBGene00013040,lessAbs,equal
WBGene00013735,lessAbs,equal
WBGene00013737,lessAbs,equal
WBGene00013738,lessAbs,equal
WBGene00013740,lessAbs,equal
WBGene00000203,lessAbs,equal
WBGene00012553,lessAbs,equal
WBGene00014176,lessAbs,equal
WBGene00012718,lessAbs,equal
WBGene00012714,lessAbs,equal
WBGene00010141,lessAbs,equal
WBGene00012804,lessAbs,equal
WBGene00003478,lessAbs,equal
WBGene00003047,lessAbs,equal
WBGene00009732,lessAbs,equal
WBGene00000834,lessAbs,equal
WBGene00013577,lessAbs,equal
WBGene00011735,lessAbs,equal
WBGene00011730,lessAbs,equal
WBGene00003967,lessAbs,equal
WBGene00019733,lessAbs,equal
WBGene00002060,lessAbs,equal
WBGene00018212,lessAbs,equal
WBGene00018077,lessAbs,equal
WBGene00018075,lessAbs,equal
WBGene00000164,lessAbs,equal
WBGene00016642,lessAbs,equal
WBGene00016643,lessAbs,equal
WBGene00004377,lessAbs,equal
WBGene00015474,lessAbs,equal
WBGene00016871,lessAbs,equal
WBGene00017298,lessAbs,equal
WBGene00018593,lessAbs,equal
WBGene00016617,lessAbs,equal
WBGene00016616,lessAbs,equal
WBGene00001844,lessAbs,equal
WBGene00020511,lessAbs,equal
WBGene00020510,lessAbs,equal
WBGene00018740,lessAbs,equal
WBGene00019554,lessAbs,equal
WBGene00006810,lessAbs,equal
WBGene00004727,lessAbs,equal
WBGene00022745,lessAbs,equal
WBGene00006410,lessAbs,equal
WBGene00000959,lessAbs,equal
WBGene00001032,lessAbs,equal
WBGene00019959,lessAbs,equal
WBGene00020322,lessAbs,equal
WBGene00019403,lessAbs,equal
WBGene00022501,lessAbs,equal
WBGene00003477,lessAbs,equal
WBGene00021323,lessAbs,equal
WBGene00021324,lessAbs,equal
WBGene00021319,lessAbs,equal
WBGene00017974,lessAbs,equal
WBGene00000092,lessAbs,equal
WBGene00006371,lessAbs,equal
WBGene00018516,lessAbs,equal
WBGene00002007,lessAbs,equal
WBGene00021049,lessAbs,equal
WBGene00015378,lessAbs,equal
WBGene00015866,lessAbs,equal
WBGene00016469,lessAbs,equal
WBGene00018518,lessAbs,equal
WBGene00015565,lessAbs,equal
WBGene00018604,lessAbs,equal
WBGene00022666,lessAbs,equal
WBGene00019847,lessAbs,equal
WBGene00004774,lessAbs,equal
WBGene00019490,lessAbs,equal
WBGene00002127,lessAbs,equal
WBGene00015391,lessAbs,equal
WBGene00044071,lessAbs,equal
WBGene00000884,lessAbs,equal
WBGene00016087,lessAbs,equal
WBGene00006479,lessAbs,equal
WBGene00006887,lessAbs,equal
WBGene00016009,lessAbs,equal
WBGene00013919,lessAbs,equal
WBGene00008951,lessAbs,equal
WBGene00008999,lessAbs,equal
WBGene00009674,lessAbs,equal
WBGene00009793,lessAbs,equal
WBGene00003247,lessAbs,equal
WBGene00008745,lessAbs,equal
WBGene00012258,lessAbs,equal
WBGene00007955,lessAbs,equal
WBGene00003239,lessAbs,equal
WBGene00008691,lessAbs,equal
WBGene00008690,lessAbs,equal
WBGene00008927,lessAbs,equal
WBGene00003626,lessAbs,equal
WBGene00007812,lessAbs,equal
WBGene00006816,lessAbs,equal
WBGene00010028,lessAbs,equal
WBGene00007847,lessAbs,equal
WBGene00007906,lessAbs,equal
WBGene00006369,lessAbs,equal
WBGene00007993,lessAbs,equal
WBGene00044134,lessAbs,equal
WBGene00008353,lessAbs,equal
WBGene00008094,lessAbs,equal
WBGene00006432,lessAbs,equal
WBGene00007350,lessAbs,equal
WBGene00001329,lessAbs,equal
WBGene00007774,lessAbs,equal
WBGene00003411,lessAbs,equal
WBGene00008973,lessAbs,equal
WBGene00008974,lessAbs,equal
WBGene00004317,lessAbs,equal
WBGene00011680,lessAbs,equal
WBGene00007878,lessAbs,equal
WBGene00006494,lessAbs,equal
WBGene00004276,lessAbs,equal
WBGene00010725,lessAbs,equal
WBGene00010337,lessAbs,equal
WBGene00014213,lessAbs,equal
WBGene00018187,lessAbs,equal
WBGene00016490,lessAbs,equal
WBGene00021677,lessAbs,equal
WBGene00000812,lessAbs,equal
WBGene00021682,lessAbs,equal
WBGene00004274,lessAbs,equal
WBGene00002077,lessAbs,equal
WBGene00021660,lessAbs,equal
WBGene00021024,lessAbs,equal
WBGene00007009,lessAbs,equal
WBGene00004235,lessAbs,equal
WBGene00021208,lessAbs,equal
WBGene00021209,lessAbs,equal
WBGene00021327,lessAbs,equal
WBGene00021334,lessAbs,equal
WBGene00022363,lessAbs,equal
WBGene00022366,lessAbs,equal
WBGene00022371,lessAbs,equal
WBGene00022368,lessAbs,equal
WBGene00018159,lessAbs,equal
WBGene00022361,lessAbs,equal
WBGene00022360,lessAbs,equal
WBGene00022269,lessAbs,equal
WBGene00022273,lessAbs,equal
WBGene00000269,lessAbs,equal
WBGene00022152,lessAbs,equal
WBGene00004743,lessAbs,equal
WBGene00021771,lessAbs,equal
WBGene00021764,lessAbs,equal
WBGene00021238,lessAbs,equal
WBGene00021351,lessAbs,equal
WBGene00003799,lessAbs,equal
WBGene00000408,lessAbs,equal
WBGene00021476,lessAbs,equal
WBGene00021466,lessAbs,equal
WBGene00017735,lessAbs,equal
WBGene00022280,lessAbs,equal
WBGene00001232,lessAbs,equal
WBGene00000832,lessAbs,equal
WBGene00000800,lessAbs,equal
WBGene00022128,lessAbs,equal
WBGene00004077,lessAbs,equal
WBGene00022115,lessAbs,equal
WBGene00022114,lessAbs,equal
WBGene00000199,lessAbs,equal
WBGene00022119,lessAbs,equal
WBGene00003836,lessAbs,equal
WBGene00003186,lessAbs,equal
WBGene00021842,lessAbs,equal
WBGene00021844,lessAbs,equal
WBGene00000205,lessAbs,equal
WBGene00019698,lessAbs,equal
WBGene00021829,lessAbs,equal
WBGene00021828,lessAbs,equal
WBGene00021831,lessAbs,equal
WBGene00021826,lessAbs,equal
WBGene00003258,lessAbs,equal
WBGene00021548,lessAbs,equal
WBGene00021551,lessAbs,equal
WBGene00021638,lessAbs,equal
WBGene00021646,lessAbs,equal
WBGene00003060,lessAbs,equal
WBGene00004147,lessAbs,equal
WBGene00016326,lessAbs,equal
WBGene00006833,lessAbs,equal
WBGene00020185,lessAbs,equal
WBGene00000764,lessAbs,equal
WBGene00020625,lessAbs,equal
WBGene00020628,lessAbs,equal
WBGene00000197,lessAbs,equal
WBGene00003584,lessAbs,equal
WBGene00016606,lessAbs,equal
WBGene00016608,lessAbs,equal
WBGene00016602,lessAbs,equal
WBGene00003061,lessAbs,equal
WBGene00022470,lessAbs,equal
WBGene00017003,lessAbs,equal
WBGene00016654,lessAbs,equal
WBGene00016650,lessAbs,equal
WBGene00016653,lessAbs,equal
WBGene00015009,lessAbs,equal
WBGene00015007,lessAbs,equal
WBGene00015697,lessAbs,equal
WBGene00001050,lessAbs,equal
WBGene00000502,lessAbs,equal
WBGene00003924,lessAbs,equal
WBGene00022460,lessAbs,equal
WBGene00022463,lessAbs,equal
WBGene00003475,lessAbs,equal
WBGene00002804,lessAbs,equal
WBGene00000540,lessAbs,equal
WBGene00000965,lessAbs,equal
WBGene00001022,lessAbs,equal
WBGene00002717,lessAbs,equal
WBGene00018864,lessAbs,equal
WBGene00004087,lessAbs,equal
WBGene00017855,lessAbs,equal
WBGene00000230,lessAbs,equal
WBGene00020263,lessAbs,equal
WBGene00019076,lessAbs,equal
WBGene00019693,lessAbs,equal
WBGene00018508,lessAbs,equal
WBGene00018890,lessAbs,equal
WBGene00018891,lessAbs,equal
WBGene00018894,lessAbs,equal
WBGene00018897,lessAbs,equal
WBGene00044305,lessAbs,equal
WBGene00045483,lessAbs,equal
WBGene00003472,lessAbs,equal
WBGene00016331,lessAbs,equal
WBGene00018006,lessAbs,equal
WBGene00018009,lessAbs,equal
WBGene00018007,lessAbs,equal
WBGene00018008,lessAbs,equal
WBGene00004109,lessAbs,equal
WBGene00006823,lessAbs,equal
WBGene00000814,lessAbs,equal
WBGene00006932,lessAbs,equal
WBGene00016158,lessAbs,equal
WBGene00016159,lessAbs,equal
WBGene00022749,lessAbs,equal
WBGene00022750,lessAbs,equal
WBGene00020842,lessAbs,equal
WBGene00020383,lessAbs,equal
WBGene00020259,lessAbs,equal
WBGene00020348,lessAbs,equal
WBGene00001497,lessAbs,equal
WBGene00003059,lessAbs,equal
WBGene00016750,lessAbs,equal
WBGene00004068,lessAbs,equal
WBGene00019399,lessAbs,equal
WBGene00004273,lessAbs,equal
WBGene00019433,lessAbs,equal
WBGene00019005,lessAbs,equal
WBGene00006607,lessAbs,equal
WBGene00017064,lessAbs,equal
WBGene00020933,lessAbs,equal
WBGene00004883,lessAbs,equal
WBGene00020935,lessAbs,equal
WBGene00019323,lessAbs,equal
WBGene00001056,lessAbs,equal
WBGene00019246,lessAbs,equal
WBGene00016741,lessAbs,equal
WBGene00020398,lessAbs,equal
WBGene00020403,lessAbs,equal
WBGene00020397,lessAbs,equal
WBGene00016261,lessAbs,equal
WBGene00009050,lessAbs,equal
WBGene00010427,lessAbs,equal
WBGene00006963,lessAbs,equal
WBGene00011064,lessAbs,equal
WBGene00004324,lessAbs,equal
WBGene00008764,lessAbs,equal
WBGene00008768,lessAbs,equal
WBGene00001680,lessAbs,equal
WBGene00009919,lessAbs,equal
WBGene00012136,lessAbs,equal
WBGene00001648,lessAbs,equal
WBGene00008411,lessAbs,equal
WBGene00008413,lessAbs,equal
WBGene00009140,lessAbs,equal
WBGene00009141,lessAbs,equal
WBGene00004508,lessAbs,equal
WBGene00011975,lessAbs,equal
WBGene00011972,lessAbs,equal
WBGene00011970,lessAbs,equal
WBGene00009189,lessAbs,equal
WBGene00009190,lessAbs,equal
WBGene00003818,lessAbs,equal
WBGene00008400,lessAbs,equal
WBGene00009276,lessAbs,equal
WBGene00009277,lessAbs,equal
WBGene00006386,lessAbs,equal
WBGene00000163,lessAbs,equal
WBGene00011230,lessAbs,equal
WBGene00011914,lessAbs,equal
WBGene00004318,lessAbs,equal
WBGene00010560,lessAbs,equal
WBGene00010562,lessAbs,equal
WBGene00010564,lessAbs,equal
WBGene00004378,lessAbs,equal
WBGene00008934,lessAbs,equal
WBGene00005009,lessAbs,equal
WBGene00044094,lessAbs,equal
WBGene00013958,lessAbs,equal
WBGene00007912,lessAbs,equal
WBGene00004684,lessAbs,equal
WBGene00011828,lessAbs,equal
WBGene00004931,lessAbs,equal
WBGene00008530,lessAbs,equal
WBGene00010496,lessAbs,equal
WBGene00010500,lessAbs,equal
WBGene00011033,lessAbs,equal
WBGene00011032,lessAbs,equal
WBGene00011036,lessAbs,equal
WBGene00009673,lessAbs,equal
WBGene00009664,lessAbs,equal
WBGene00009667,lessAbs,equal
WBGene00000890,lessAbs,equal
WBGene00010622,lessAbs,equal
WBGene00010624,lessAbs,equal
WBGene00000209,lessAbs,equal
WBGene00006577,lessAbs,equal
WBGene00007972,lessAbs,equal
WBGene00007976,lessAbs,equal
WBGene00007979,lessAbs,equal
WBGene00009452,lessAbs,equal
WBGene00009460,lessAbs,equal
WBGene00011631,lessAbs,equal
WBGene00012298,lessAbs,equal
WBGene00006503,lessAbs,equal
WBGene00012376,lessAbs,equal
WBGene00003209,lessAbs,equal
WBGene00014119,lessAbs,equal
WBGene00014120,lessAbs,equal
WBGene00000147,lessAbs,equal
WBGene00009498,lessAbs,equal
WBGene00004268,lessAbs,equal
WBGene00008878,lessAbs,equal
WBGene00008877,lessAbs,equal
WBGene00044236,lessAbs,equal
WBGene00007645,lessAbs,equal
WBGene00007647,lessAbs,equal
WBGene00004807,lessAbs,equal
WBGene00006061,lessAbs,equal
WBGene00009264,lessAbs,equal
WBGene00002070,lessAbs,equal
WBGene00010615,lessAbs,equal
WBGene00011488,lessAbs,equal
WBGene00011497,lessAbs,equal
WBGene00000466,lessAbs,equal
WBGene00007621,lessAbs,equal
WBGene00007620,lessAbs,equal
WBGene00010488,lessAbs,equal
WBGene00006352,lessAbs,equal
WBGene00003396,lessAbs,equal
WBGene00013697,lessAbs,equal
WBGene00001226,lessAbs,equal
WBGene00008664,lessAbs,equal
WBGene00007054,lessAbs,equal
WBGene00002153,lessAbs,equal
WBGene00000095,lessAbs,equal
WBGene00000426,lessAbs,equal
WBGene00011864,lessAbs,equal
WBGene00013892,lessAbs,equal
WBGene00001337,lessAbs,equal
WBGene00003902,lessAbs,equal
WBGene00013718,lessAbs,equal
WBGene00004753,lessAbs,equal
WBGene00010325,lessAbs,equal
WBGene00009116,lessAbs,equal
WBGene00009120,lessAbs,equal
WBGene00006720,lessAbs,equal
WBGene00003926,lessAbs,equal
WBGene00001228,lessAbs,equal
WBGene00016391,lessAbs,equal
WBGene00016395,lessAbs,equal
WBGene00004466,lessAbs,equal
WBGene00002191,lessAbs,equal
WBGene00018847,lessAbs,equal
WBGene00003068,lessAbs,equal
WBGene00045433,lessAbs,equal
WBGene00013605,lessAbs,equal
WBGene00013123,lessAbs,equal
WBGene00009220,lessAbs,equal
WBGene00010160,lessAbs,equal
WBGene00000010,lessAbs,equal
WBGene00008856,lessAbs,equal
WBGene00007637,lessAbs,equal
WBGene00002232,lessAbs,equal
WBGene00001836,lessAbs,equal
WBGene00002004,lessAbs,equal
WBGene00011029,lessAbs,equal
WBGene00004190,lessAbs,equal
WBGene00012105,lessAbs,equal
WBGene00012037,lessAbs,equal
WBGene00003921,lessAbs,equal
WBGene00006889,lessAbs,equal
WBGene00012192,lessAbs,equal
WBGene00012193,lessAbs,equal
WBGene00012194,lessAbs,equal
WBGene00001746,lessAbs,equal
WBGene00012479,lessAbs,equal
WBGene00012484,lessAbs,equal
WBGene00001427,lessAbs,equal
WBGene00008131,lessAbs,equal
WBGene00008133,lessAbs,equal
WBGene00004063,lessAbs,equal
WBGene00010805,lessAbs,equal
WBGene00012344,lessAbs,equal
WBGene00012735,lessAbs,equal
WBGene00012739,lessAbs,equal
WBGene00012738,lessAbs,equal
WBGene00013021,lessAbs,equal
WBGene00013597,lessAbs,equal
WBGene00006709,lessAbs,equal
WBGene00013598,lessAbs,equal
WBGene00013599,lessAbs,equal
WBGene00012393,lessAbs,equal
WBGene00012576,lessAbs,equal
WBGene00003581,lessAbs,equal
WBGene00001047,lessAbs,equal
WBGene00013406,lessAbs,equal
WBGene00013407,lessAbs,equal
WBGene00013667,lessAbs,equal
WBGene00000158,lessAbs,equal
WBGene00013670,lessAbs,equal
WBGene00013671,lessAbs,equal
WBGene00013678,lessAbs,equal
WBGene00013679,lessAbs,equal
WBGene00013687,lessAbs,equal
WBGene00013688,lessAbs,equal
WBGene00001334,lessAbs,equal
WBGene00003951,lessAbs,equal
WBGene00001979,lessAbs,equal
WBGene00010766,lessAbs,equal
WBGene00006711,lessAbs,equal
WBGene00009305,lessAbs,equal
WBGene00009366,lessAbs,equal
WBGene00000881,lessAbs,equal
WBGene00000480,lessAbs,equal
WBGene00020999,lessAbs,equal
WBGene00006648,lessAbs,equal
WBGene00020705,lessAbs,equal
WBGene00019244,lessAbs,equal
WBGene00019241,lessAbs,equal
WBGene00021748,lessAbs,equal
WBGene00000552,lessAbs,equal
WBGene00004266,lessAbs,equal
WBGene00018757,lessAbs,equal
WBGene00044344,lessAbs,equal
WBGene00021486,lessAbs,equal
WBGene00018762,lessAbs,equal
WBGene00021564,lessAbs,equal
WBGene00021482,lessAbs,equal
WBGene00021554,lessAbs,equal
WBGene00021561,lessAbs,equal
WBGene00019276,lessAbs,equal
WBGene00019275,lessAbs,equal
WBGene00019274,lessAbs,equal
WBGene00017062,lessAbs,equal
WBGene00004947,lessAbs,equal
WBGene00022021,lessAbs,equal
WBGene00019354,lessAbs,equal
WBGene00019353,lessAbs,equal
WBGene00016511,lessAbs,equal
WBGene00004136,lessAbs,equal
WBGene00015450,lessAbs,equal
WBGene00015684,lessAbs,equal
WBGene00017261,lessAbs,equal
WBGene00001037,lessAbs,equal
WBGene00002215,lessAbs,equal
WBGene00016990,lessAbs,equal
WBGene00000795,lessAbs,equal
WBGene00017769,lessAbs,equal
WBGene00017770,lessAbs,equal
WBGene00017766,lessAbs,equal
WBGene00018426,lessAbs,equal
WBGene00004502,lessAbs,equal
WBGene00000159,lessAbs,equal
WBGene00019808,lessAbs,equal
WBGene00020269,lessAbs,equal
WBGene00020264,lessAbs,equal
WBGene00006723,lessAbs,equal
WBGene00002148,lessAbs,equal
WBGene00020425,lessAbs,equal
WBGene00004897,lessAbs,equal
WBGene00020950,lessAbs,equal
WBGene00006803,lessAbs,equal
WBGene00021956,lessAbs,equal
WBGene00017311,lessAbs,equal
WBGene00015743,lessAbs,equal
WBGene00015461,lessAbs,equal
WBGene00020246,lessAbs,equal
WBGene00002256,lessAbs,equal
WBGene00016496,lessAbs,equal
WBGene00022393,lessAbs,equal
WBGene00022402,lessAbs,equal
WBGene00022401,lessAbs,equal
WBGene00006935,lessAbs,equal
WBGene00022629,lessAbs,equal
WBGene00020942,lessAbs,equal
WBGene00004766,lessAbs,equal
WBGene00018181,lessAbs,equal
WBGene00020718,lessAbs,equal
WBGene00018481,lessAbs,equal
WBGene00017799,lessAbs,equal
WBGene00018290,lessAbs,equal
WBGene00018285,lessAbs,equal
WBGene00018294,lessAbs,equal
WBGene00020553,lessAbs,equal
WBGene00007023,lessAbs,equal
WBGene00044077,lessAbs,equal
WBGene00000766,lessAbs,equal
WBGene00002036,lessAbs,equal
WBGene00008670,lessAbs,equal
WBGene00001909,lessAbs,equal
WBGene00009584,lessAbs,equal
WBGene00009769,lessAbs,equal
WBGene00009771,lessAbs,equal
WBGene00007784,lessAbs,equal
WBGene00007787,lessAbs,equal
WBGene00010697,lessAbs,equal
WBGene00000142,lessAbs,equal
WBGene00007428,lessAbs,equal
WBGene00007429,lessAbs,equal
WBGene00000840,lessAbs,equal
WBGene00014112,lessAbs,equal
WBGene00014111,lessAbs,equal
WBGene00006489,lessAbs,equal
WBGene00000200,lessAbs,equal
WBGene00010631,lessAbs,equal
WBGene00012528,lessAbs,equal
WBGene00007952,lessAbs,equal
WBGene00006460,lessAbs,equal
WBGene00006934,lessAbs,equal
WBGene00003065,lessAbs,equal
WBGene00010418,lessAbs,equal
WBGene00009256,lessAbs,equal
WBGene00001747,lessAbs,equal
WBGene00008370,lessAbs,equal
WBGene00003923,lessAbs,equal
WBGene00009330,lessAbs,equal
WBGene00008918,lessAbs,equal
WBGene00008919,lessAbs,equal
WBGene00006443,lessAbs,equal
WBGene00010405,lessAbs,equal
WBGene00007390,lessAbs,equal
WBGene00007386,lessAbs,equal
WBGene00011835,lessAbs,equal
WBGene00003509,lessAbs,equal
WBGene00009829,lessAbs,equal
WBGene00009534,lessAbs,equal
WBGene00004806,lessAbs,equal
WBGene00004768,lessAbs,equal
WBGene00008410,lessAbs,equal
WBGene00001978,lessAbs,equal
WBGene00010284,lessAbs,equal
WBGene00003235,lessAbs,equal
WBGene00008646,lessAbs,equal
WBGene00001095,lessAbs,equal
WBGene00000533,lessAbs,equal
WBGene00014123,lessAbs,equal
WBGene00006874,lessAbs,equal
WBGene00010097,lessAbs,equal
WBGene00011017,lessAbs,equal
WBGene00009092,lessAbs,equal
WBGene00010465,lessAbs,equal
WBGene00000228,lessAbs,equal
WBGene00004759,lessAbs,equal
WBGene00007585,lessAbs,equal
WBGene00007587,lessAbs,equal
WBGene00007588,lessAbs,equal
WBGene00003011,lessAbs,equal
WBGene00011242,lessAbs,equal
WBGene00006512,lessAbs,equal
WBGene00001233,lessAbs,equal
WBGene00011648,lessAbs,equal
WBGene00008345,lessAbs,equal
WBGene00008225,lessAbs,equal
WBGene00010279,lessAbs,equal
WBGene00011329,lessAbs,equal
WBGene00009975,lessAbs,equal
WBGene00009976,lessAbs,equal
WBGene00010089,lessAbs,equal
WBGene00011193,lessAbs,equal
WBGene00011195,lessAbs,equal
WBGene00010260,lessAbs,equal
WBGene00003916,lessAbs,equal
WBGene00006613,lessAbs,equal
WBGene00003834,lessAbs,equal
WBGene00000985,lessAbs,equal
WBGene00003922,lessAbs,equal
WBGene00009082,lessAbs,equal
WBGene00009084,lessAbs,equal
WBGene00194707,lessAbs,equal
WBGene00008262,lessAbs,equal
WBGene00004060,lessAbs,equal
WBGene00008183,lessAbs,equal
WBGene00004308,lessAbs,equal
WBGene00007720,lessAbs,equal
WBGene00000879,lessAbs,equal
WBGene00001813,lessAbs,equal
WBGene00012348,lessAbs,equal
WBGene00004248,lessAbs,equal
WBGene00000813,lessAbs,equal
WBGene00008441,lessAbs,equal
WBGene00006945,lessAbs,equal
WBGene00001258,lessAbs,equal
WBGene00012697,lessAbs,equal
WBGene00012694,lessAbs,equal
WBGene00006567,lessAbs,equal
WBGene00012693,lessAbs,equal
WBGene00012676,lessAbs,equal
WBGene00012666,lessAbs,equal
WBGene00012829,lessAbs,equal
WBGene00013365,lessAbs,equal
WBGene00013360,lessAbs,equal
WBGene00013359,lessAbs,equal
WBGene00006786,lessAbs,equal
WBGene00013765,lessAbs,equal
WBGene00001043,lessAbs,equal
WBGene00009290,lessAbs,equal
WBGene00001431,lessAbs,equal
WBGene00007063,lessAbs,equal
WBGene00004504,lessAbs,equal
WBGene00017749,lessAbs,equal
WBGene00016021,lessAbs,equal
WBGene00016810,lessAbs,equal
WBGene00020796,lessAbs,equal
WBGene00021545,lessAbs,equal
WBGene00021546,lessAbs,equal
WBGene00015184,lessAbs,equal
WBGene00019282,lessAbs,equal
WBGene00017037,lessAbs,equal
WBGene00015405,lessAbs,equal
WBGene00185079,lessAbs,equal
WBGene00021073,lessAbs,equal
WBGene00021097,lessAbs,equal
WBGene00019498,lessAbs,equal
WBGene00020181,lessAbs,equal
WBGene00021456,lessAbs,equal
WBGene00021973,lessAbs,equal
WBGene00021785,lessAbs,equal
WBGene00021784,lessAbs,equal
WBGene00021783,lessAbs,equal
WBGene00021789,lessAbs,equal
WBGene00022554,lessAbs,equal
WBGene00017245,lessAbs,equal
WBGene00019686,lessAbs,equal
WBGene00022448,lessAbs,equal
WBGene00022453,lessAbs,equal
WBGene00021292,lessAbs,equal
WBGene00000162,lessAbs,equal
WBGene00019221,lessAbs,equal
WBGene00019219,lessAbs,equal
WBGene00003825,lessAbs,equal
WBGene00022742,lessAbs,equal
WBGene00022739,lessAbs,equal
WBGene00017369,lessAbs,equal
WBGene00001027,lessAbs,equal
WBGene00019893,lessAbs,equal
WBGene00019888,lessAbs,equal
WBGene00022765,lessAbs,equal
WBGene00003949,lessAbs,equal
WBGene00020868,lessAbs,equal
WBGene00020866,lessAbs,equal
WBGene00004382,lessAbs,equal
WBGene00003822,lessAbs,equal
WBGene00004040,lessAbs,equal
WBGene00001101,lessAbs,equal
WBGene00017286,lessAbs,equal
WBGene00017285,lessAbs,equal
WBGene00017289,lessAbs,equal
WBGene00003583,lessAbs,equal
WBGene00017137,lessAbs,equal
WBGene00017138,lessAbs,equal
WBGene00017217,lessAbs,equal
WBGene00000548,lessAbs,equal
WBGene00018960,lessAbs,equal
WBGene00000375,lessAbs,equal
WBGene00000383,lessAbs,equal
WBGene00015915,lessAbs,equal
WBGene00015920,lessAbs,equal
WBGene00016116,lessAbs,equal
WBGene00016112,lessAbs,equal
WBGene00001509,lessAbs,equal
WBGene00004306,lessAbs,equal
WBGene00020027,lessAbs,equal
WBGene00017686,lessAbs,equal
WBGene00004680,lessAbs,equal
WBGene00016244,lessAbs,equal
WBGene00020781,lessAbs,equal
WBGene00017435,lessAbs,equal
WBGene00016311,lessAbs,equal
WBGene00016316,lessAbs,equal
WBGene00019607,lessAbs,equal
WBGene00003009,lessAbs,equal
WBGene00007050,lessAbs,equal
WBGene00017563,lessAbs,equal
WBGene00016964,lessAbs,equal
WBGene00016961,lessAbs,equal
WBGene00016968,lessAbs,equal
WBGene00016002,lessAbs,equal
WBGene00020498,lessAbs,equal
WBGene00018305,lessAbs,equal
WBGene00001194,lessAbs,equal
WBGene00001023,lessAbs,equal
WBGene00017699,lessAbs,equal
WBGene00017702,lessAbs,equal
WBGene00005025,lessAbs,equal
WBGene00016889,lessAbs,equal
WBGene00016888,lessAbs,equal
WBGene00022852,lessAbs,equal
WBGene00017349,lessAbs,equal
WBGene00017348,lessAbs,equal
WBGene00017967,lessAbs,equal
WBGene00018395,lessAbs,equal
WBGene00015567,lessAbs,equal
WBGene00019941,lessAbs,equal
WBGene00000390,lessAbs,equal
WBGene00017547,lessAbs,equal
WBGene00015204,lessAbs,equal
WBGene00015208,lessAbs,equal
WBGene00000517,lessAbs,equal
WBGene00011638,lessAbs,equal
WBGene00011349,lessAbs,equal
WBGene00011348,lessAbs,equal
WBGene00014066,lessAbs,equal
WBGene00014054,lessAbs,equal
WBGene00011510,lessAbs,equal
WBGene00010502,lessAbs,equal
WBGene00002066,lessAbs,equal
WBGene00000894,lessAbs,equal
WBGene00010459,lessAbs,equal
WBGene00010458,lessAbs,equal
WBGene00009899,lessAbs,equal
WBGene00008800,lessAbs,equal
WBGene00001230,lessAbs,equal
WBGene00001498,lessAbs,equal
WBGene00009045,lessAbs,equal
WBGene00011761,lessAbs,equal
WBGene00011758,lessAbs,equal
WBGene00010042,lessAbs,equal
WBGene00006307,lessAbs,equal
WBGene00009207,lessAbs,equal
WBGene00004279,lessAbs,equal
WBGene00011311,lessAbs,equal
WBGene00011312,lessAbs,equal
WBGene00009783,lessAbs,equal
WBGene00002251,lessAbs,equal
WBGene00000378,lessAbs,equal
WBGene00011885,lessAbs,equal
WBGene00007686,lessAbs,equal
WBGene00003870,lessAbs,equal
WBGene00000532,lessAbs,equal
WBGene00011965,lessAbs,equal
WBGene00012033,lessAbs,equal
WBGene00006510,lessAbs,equal
WBGene00000289,lessAbs,equal
WBGene00008402,lessAbs,equal
WBGene00006520,lessAbs,equal
WBGene00001134,lessAbs,equal
WBGene00008404,lessAbs,equal
WBGene00006433,lessAbs,equal
WBGene00010942,lessAbs,equal
WBGene00008456,lessAbs,equal
WBGene00008455,lessAbs,equal
WBGene00008458,lessAbs,equal
WBGene00008459,lessAbs,equal
WBGene00001510,lessAbs,equal
WBGene00014259,lessAbs,equal
WBGene00000180,lessAbs,equal
WBGene00013140,lessAbs,equal
WBGene00013139,lessAbs,equal
WBGene00013143,lessAbs,equal
WBGene00007463,lessAbs,equal
WBGene00007333,lessAbs,equal
WBGene00011271,lessAbs,equal
WBGene00011333,lessAbs,equal
WBGene00010013,lessAbs,equal
WBGene00014172,lessAbs,equal
WBGene00011664,lessAbs,equal
WBGene00008480,lessAbs,equal
WBGene00014058,lessAbs,equal
WBGene00011302,lessAbs,equal
WBGene00004185,lessAbs,equal
WBGene00007352,lessAbs,equal
WBGene00007355,lessAbs,equal
WBGene00007556,lessAbs,equal
WBGene00000798,lessAbs,equal
WBGene00007561,lessAbs,equal
WBGene00004704,lessAbs,equal
WBGene00007488,lessAbs,equal
WBGene00011067,lessAbs,equal
WBGene00011071,lessAbs,equal
WBGene00010912,lessAbs,equal
WBGene00000293,lessAbs,equal
WBGene00010333,lessAbs,equal
WBGene00010990,lessAbs,equal
WBGene00009352,lessAbs,equal
WBGene00009353,lessAbs,equal
WBGene00003831,lessAbs,equal
WBGene00007499,lessAbs,equal
WBGene00011527,lessAbs,equal
WBGene00008164,lessAbs,equal
WBGene00006414,lessAbs,equal
WBGene00007192,lessAbs,equal
WBGene00004699,lessAbs,equal
WBGene00000196,lessAbs,equal
WBGene00012203,lessAbs,equal
WBGene00012206,lessAbs,equal
WBGene00003868,lessAbs,equal
WBGene00195248,lessAbs,equal
WBGene00000090,lessAbs,equal
WBGene00010052,lessAbs,equal
WBGene00003960,lessAbs,equal
WBGene00013925,lessAbs,equal
WBGene00013924,lessAbs,equal
WBGene00001679,lessAbs,equal
WBGene00009661,lessAbs,equal
WBGene00014151,lessAbs,equal
WBGene00004271,lessAbs,equal
WBGene00012471,lessAbs,equal
WBGene00012459,lessAbs,equal
WBGene00012465,lessAbs,equal
WBGene00000892,lessAbs,equal
WBGene00000565,lessAbs,equal
WBGene00012468,lessAbs,equal
WBGene00013256,lessAbs,equal
WBGene00013258,lessAbs,equal
WBGene00013259,lessAbs,equal
WBGene00013265,lessAbs,equal
WBGene00013268,lessAbs,equal
WBGene00044323,lessAbs,equal
WBGene00044322,lessAbs,equal
WBGene00012897,lessAbs,equal
WBGene00012903,lessAbs,equal
WBGene00012908,lessAbs,equal
WBGene00003144,lessAbs,equal
WBGene00009307,lessAbs,equal
WBGene00012375,lessAbs,equal
WBGene00012988,lessAbs,equal
WBGene00012998,lessAbs,equal
WBGene00012995,lessAbs,equal
WBGene00012996,lessAbs,equal
WBGene00001162,lessAbs,equal
WBGene00013014,lessAbs,equal
WBGene00013015,lessAbs,equal
WBGene00008444,lessAbs,equal
WBGene00004116,lessAbs,equal
WBGene00000113,lessAbs,equal
WBGene00009740,lessAbs,equal
WBGene00013001,lessAbs,equal
WBGene00013002,lessAbs,equal
WBGene00013093,lessAbs,equal
WBGene00013094,lessAbs,equal
WBGene00010720,lessAbs,equal
WBGene00012978,lessAbs,equal
WBGene00012983,lessAbs,equal
WBGene00013217,lessAbs,equal
WBGene00013218,lessAbs,equal
WBGene00002076,lessAbs,equal
WBGene00010197,lessAbs,equal
WBGene00007312,lessAbs,equal
WBGene00013189,lessAbs,equal
WBGene00001225,lessAbs,equal
WBGene00011044,lessAbs,equal
WBGene00013151,lessAbs,equal
WBGene00013161,lessAbs,equal
WBGene00000208,lessAbs,equal
WBGene00013168,lessAbs,equal
